#
# There is insufficient memory for the Java Runtime Environment to continue.
# Native memory allocation (malloc) failed to allocate 7354904 bytes. Error detail: Chunk::new
# Possible reasons:
#   The system is out of physical RAM or swap space
#   This process is running with CompressedOops enabled, and the Java Heap may be blocking the growth of the native heap
# Possible solutions:
#   Reduce memory load on the system
#   Increase physical memory or swap space
#   Check if swap backing store is full
#   Decrease Java heap size (-Xmx/-Xms)
#   Decrease number of Java threads
#   Decrease Java thread stack sizes (-Xss)
#   Set larger code cache with -XX:ReservedCodeCacheSize=
#   JVM is running with Zero Based Compressed Oops mode in which the Java heap is
#     placed in the first 32GB address space. The Java Heap base address is the
#     maximum limit for the native heap growth. Please use -XX:HeapBaseMinAddress
#     to set the Java Heap base and to place the Java Heap above 32GB virtual address.
# This output file may be truncated or incomplete.
#
#  Out of Memory Error (arena.cpp:186), pid=54340, tid=51192
#
# JRE version: OpenJDK Runtime Environment Temurin-25.0.3+9 (25.0.3+9) (build 25.0.3+9-LTS)
# Java VM: OpenJDK 64-Bit Server VM Temurin-25.0.3+9 (25.0.3+9-LTS, mixed mode, sharing, tiered, compressed oops, compressed class ptrs, g1 gc, windows-amd64)
# No core dump will be written. Minidumps are not enabled by default on client versions of Windows
#

---------------  S U M M A R Y ------------

Command Line: --add-opens=java.base/java.lang=ALL-UNNAMED --add-opens=java.base/java.lang.invoke=ALL-UNNAMED --add-opens=java.base/java.util=ALL-UNNAMED --add-opens=java.prefs/java.util.prefs=ALL-UNNAMED --add-exports=jdk.compiler/com.sun.tools.javac.api=ALL-UNNAMED --add-exports=jdk.compiler/com.sun.tools.javac.util=ALL-UNNAMED --add-opens=java.base/java.nio.charset=ALL-UNNAMED --add-opens=java.base/java.net=ALL-UNNAMED --add-opens=java.base/java.util.concurrent=ALL-UNNAMED --add-opens=java.base/java.util.concurrent.atomic=ALL-UNNAMED --add-opens=java.xml/javax.xml.namespace=ALL-UNNAMED --add-opens=java.base/java.time=ALL-UNNAMED --enable-native-access=ALL-UNNAMED --add-opens=java.base/java.io=ALL-UNNAMED --add-opens=java.base/java.lang=ALL-UNNAMED --add-opens=java.base/java.lang.reflect=ALL-UNNAMED --add-opens=java.base/java.net=ALL-UNNAMED --add-opens=java.base/java.nio=ALL-UNNAMED --add-opens=java.base/java.util=ALL-UNNAMED --add-opens=java.base/java.util.concurrent=ALL-UNNAMED --add-opens=java.base/sun.nio.ch=ALL-UNNAMED -Xmx2500m -Dfile.encoding=UTF-8 -Duser.country=US -Duser.language=en -Duser.variant -javaagent:C:\Users\ASUS\.gradle\wrapper\dists\gradle-9.6.0-bin\42k10rwplmzkhuboz9kdazi7s\gradle-9.6.0\lib\agents\gradle-instrumentation-agent-9.6.0.jar org.gradle.launcher.daemon.bootstrap.GradleDaemon 9.6.0

Host: 11th Gen Intel(R) Core(TM) i5-11400H @ 2.70GHz, 12 cores, 15G,  Windows 11 , 64 bit Build 26100 (10.0.26100.9444)
Time: Thu Oct  8 21:02:43 2026 Sri Lanka Standard Time elapsed time: 1787.851245 seconds (0d 0h 29m 47s)

---------------  T H R E A D  ---------------

Current thread (0x000002703ad4e160):  JavaThread "C2 CompilerThread0" daemon [_thread_in_native, id=51192, stack(0x000000b49a000000,0x000000b49a100000) (1024K)]


Current CompileTask:
C2:1787851 61562       4       org.jetbrains.org.objectweb.asm.tree.analysis.Frame::execute (2125 bytes)

Stack: [0x000000b49a000000,0x000000b49a100000]
Native frames: (J=compiled Java code, j=interpreted, Vv=VM code, C=native code)
V  [jvm.dll+0x7aa709]  (no source info available)
V  [jvm.dll+0x7749ed]  (no source info available)
V  [jvm.dll+0x9f7433]  (no source info available)
V  [jvm.dll+0x9f9a21]  (no source info available)
V  [jvm.dll+0x9fa133]  (no source info available)
V  [jvm.dll+0x2fd266]  (no source info available)
V  [jvm.dll+0x1113c6]  (no source info available)
V  [jvm.dll+0x1116ee]  (no source info available)
V  [jvm.dll+0x1a0342]  (no source info available)
V  [jvm.dll+0x3b67e2]  (no source info available)
V  [jvm.dll+0x7b007c]  (no source info available)
V  [jvm.dll+0x2c0847]  (no source info available)
V  [jvm.dll+0x2bf80f]  (no source info available)
V  [jvm.dll+0x2374a0]  (no source info available)
V  [jvm.dll+0x2cf906]  (no source info available)
V  [jvm.dll+0x2cdb8a]  (no source info available)
V  [jvm.dll+0x49070e]  (no source info available)
V  [jvm.dll+0x99894d]  (no source info available)
V  [jvm.dll+0x7a8ce5]  (no source info available)
C  [ucrtbase.dll+0x2cd30]  (no source info available)
C  [KERNEL32.DLL+0x2cd87]  (no source info available)
C  [ntdll.dll+0xacaec]  (no source info available)

Lock stack of current Java thread (top to bottom):


---------------  P R O C E S S  ---------------

Threads class SMR info:
_java_thread_list=0x000002704dbb0980, length=73, elements={
0x000002701cecca70, 0x000002703ad46360, 0x000002703ad48b30, 0x000002703ad49820,
0x000002703ad51210, 0x000002703ad52180, 0x000002703ad4d270, 0x000002703ad4e160,
0x000002703ad7deb0, 0x000002703f2ca980, 0x000002703f1fdb60, 0x000002704124e6e0,
0x00000270412fe0e0, 0x000002704137d840, 0x00000270414a7520, 0x00000270414a7ce0,
0x000002704129ef40, 0x000002704129c060, 0x000002704129c830, 0x00000270412a2dc0,
0x00000270412a3590, 0x00000270412a25f0, 0x0000027041b94e80, 0x0000027041b96dc0,
0x0000027041b98530, 0x0000027041b994d0, 0x0000027041b9a470, 0x0000027044eb7db0,
0x0000027044ebc400, 0x0000027044ebb460, 0x0000027044eb9cf0, 0x0000027044ebdb70,
0x000002703ad74640, 0x000002703fbb7c10, 0x000002703fbbaaf0, 0x0000027041afb9d0,
0x0000027041aff850, 0x0000027041afd910, 0x0000027041afe0e0, 0x0000027041afc1a0,
0x0000027041b01f60, 0x0000027041b01790, 0x0000027041b00020, 0x0000027041b007f0,
0x00000270420bc520, 0x00000270420bb580, 0x00000270420bbd50, 0x0000027046825300,
0x00000270420bccf0, 0x00000270420b9e10, 0x00000270420819e0, 0x000002704207eb00,
0x00000270420821b0, 0x0000027042081210, 0x0000027042082980, 0x0000027042080a40,
0x000002704207f2d0, 0x0000027042083150, 0x00000270420848c0, 0x0000027046264ee0,
0x00000270462675f0, 0x0000027046261830, 0x000002704626cbe0, 0x000002704626d3b0,
0x0000027046822bf0, 0x000002704681fd10, 0x0000027046824b30, 0x0000027046826a70,
0x0000027044ebeb10, 0x000002703fbb8bb0, 0x000002703ad76d50, 0x0000027040488280,
0x0000027043a79410
}

Java Threads: ( => current thread )
  0x000002701cecca70 JavaThread "main"                              [_thread_blocked, id=35652, stack(0x000000b499200000,0x000000b499300000) (1024K)]
  0x000002703ad46360 JavaThread "Reference Handler"          daemon [_thread_blocked, id=14448, stack(0x000000b499a00000,0x000000b499b00000) (1024K)]
  0x000002703ad48b30 JavaThread "Finalizer"                  daemon [_thread_blocked, id=37600, stack(0x000000b499b00000,0x000000b499c00000) (1024K)]
  0x000002703ad49820 JavaThread "Signal Dispatcher"          daemon [_thread_blocked, id=19076, stack(0x000000b499c00000,0x000000b499d00000) (1024K)]
  0x000002703ad51210 JavaThread "Attach Listener"            daemon [_thread_blocked, id=15712, stack(0x000000b499d00000,0x000000b499e00000) (1024K)]
  0x000002703ad52180 JavaThread "Service Thread"             daemon [_thread_blocked, id=44172, stack(0x000000b499e00000,0x000000b499f00000) (1024K)]
  0x000002703ad4d270 JavaThread "Monitor Deflation Thread"   daemon [_thread_blocked, id=32876, stack(0x000000b499f00000,0x000000b49a000000) (1024K)]
=>0x000002703ad4e160 JavaThread "C2 CompilerThread0"         daemon [_thread_in_native, id=51192, stack(0x000000b49a000000,0x000000b49a100000) (1024K)]
  0x000002703ad7deb0 JavaThread "C1 CompilerThread0"         daemon [_thread_blocked, id=30160, stack(0x000000b49a100000,0x000000b49a200000) (1024K)]
  0x000002703f2ca980 JavaThread "Common-Cleaner"             daemon [_thread_blocked, id=54296, stack(0x000000b49a300000,0x000000b49a400000) (1024K)]
  0x000002703f1fdb60 JavaThread "Notification Thread"        daemon [_thread_blocked, id=26604, stack(0x000000b49a400000,0x000000b49a500000) (1024K)]
  0x000002704124e6e0 JavaThread "Daemon health stats"               [_thread_blocked, id=34976, stack(0x000000b49ab00000,0x000000b49ac00000) (1024K)]
  0x00000270412fe0e0 JavaThread "Incoming local TCP Connector on port 4144"        [_thread_in_native, id=43864, stack(0x000000b49ac00000,0x000000b49ad00000) (1024K)]
  0x000002704137d840 JavaThread "Daemon periodic checks"            [_thread_blocked, id=48164, stack(0x000000b49ad00000,0x000000b49ae00000) (1024K)]
  0x00000270414a7520 JavaThread "Daemon"                            [_thread_blocked, id=22852, stack(0x000000b49ae00000,0x000000b49af00000) (1024K)]
  0x00000270414a7ce0 JavaThread "Handler for socket connection from /127.0.0.1:4144 to /127.0.0.1:4145"        [_thread_in_native, id=41036, stack(0x000000b49af00000,0x000000b49b000000) (1024K)]
  0x000002704129ef40 JavaThread "Cancel handler"                    [_thread_blocked, id=12896, stack(0x000000b49b000000,0x000000b49b100000) (1024K)]
  0x000002704129c060 JavaThread "Daemon worker"                     [_thread_blocked, id=29488, stack(0x000000b49b100000,0x000000b49b200000) (1024K)]
  0x000002704129c830 JavaThread "Asynchronous log dispatcher for DefaultDaemonConnection: socket connection from /127.0.0.1:4144 to /127.0.0.1:4145"        [_thread_blocked, id=29256, stack(0x000000b49b200000,0x000000b49b300000) (1024K)]
  0x00000270412a2dc0 JavaThread "Stdin handler"                     [_thread_blocked, id=44472, stack(0x000000b49b300000,0x000000b49b400000) (1024K)]
  0x00000270412a3590 JavaThread "Daemon client event forwarder"        [_thread_blocked, id=53900, stack(0x000000b49b400000,0x000000b49b500000) (1024K)]
  0x00000270412a25f0 JavaThread "Cache worker for journal cache (C:\Users\ASUS\.gradle\caches\journal-1)"        [_thread_blocked, id=3588, stack(0x000000b49b500000,0x000000b49b600000) (1024K)]
  0x0000027041b94e80 JavaThread "File lock request listener"        [_thread_in_native, id=50076, stack(0x000000b49b600000,0x000000b49b700000) (1024K)]
  0x0000027041b96dc0 JavaThread "Cache worker for file hash cache (C:\Users\ASUS\.gradle\caches\9.6.0\fileHashes)"        [_thread_blocked, id=52116, stack(0x000000b49b700000,0x000000b49b800000) (1024K)]
  0x0000027041b98530 JavaThread "Cache worker for file hash cache (D:\itpmpAF\PAF\SachiniGit\PantryPal[tanya02]\.gradle\9.6.0\fileHashes)"        [_thread_blocked, id=44812, stack(0x000000b49be00000,0x000000b49bf00000) (1024K)]
  0x0000027041b994d0 JavaThread "Cache worker for Build Output Cleanup Cache (D:\itpmpAF\PAF\SachiniGit\PantryPal[tanya02]\.gradle\buildOutputCleanup)"        [_thread_blocked, id=25916, stack(0x000000b49bf00000,0x000000b49c000000) (1024K)]
  0x0000027041b9a470 JavaThread "File watcher server"        daemon [_thread_in_native, id=24180, stack(0x000000b49c000000,0x000000b49c100000) (1024K)]
  0x0000027044eb7db0 JavaThread "File watcher consumer"      daemon [_thread_blocked, id=51104, stack(0x000000b49c100000,0x000000b49c200000) (1024K)]
  0x0000027044ebc400 JavaThread "Cache worker for file content cache (C:\Users\ASUS\.gradle\caches\9.6.0\fileContent)"        [_thread_blocked, id=37560, stack(0x000000b49c200000,0x000000b49c300000) (1024K)]
  0x0000027044ebb460 JavaThread "Cache worker for checksums cache (D:\itpmpAF\PAF\SachiniGit\PantryPal[tanya02]\.gradle\9.6.0\checksums)"        [_thread_blocked, id=13080, stack(0x000000b49c300000,0x000000b49c400000) (1024K)]
  0x0000027044eb9cf0 JavaThread "Cache worker for cache directory md-supplier (C:\Users\ASUS\.gradle\caches\9.6.0\md-supplier)"        [_thread_blocked, id=17064, stack(0x000000b49a500000,0x000000b49a600000) (1024K)]
  0x0000027044ebdb70 JavaThread "Cache worker for cache directory md-rule (C:\Users\ASUS\.gradle\caches\9.6.0\md-rule)"        [_thread_blocked, id=50928, stack(0x000000b49a200000,0x000000b49a300000) (1024K)]
  0x000002703ad74640 JavaThread "Build operations"                  [_thread_blocked, id=45444, stack(0x000000b49c500000,0x000000b49c600000) (1024K)]
  0x000002703fbb7c10 JavaThread "Build operations Thread 2"         [_thread_blocked, id=9872, stack(0x000000b49c600000,0x000000b49c700000) (1024K)]
  0x000002703fbbaaf0 JavaThread "Build operations Thread 3"         [_thread_blocked, id=33992, stack(0x000000b49c700000,0x000000b49c800000) (1024K)]
  0x0000027041afb9d0 JavaThread "Build operations Thread 4"         [_thread_blocked, id=37772, stack(0x000000b49c800000,0x000000b49c900000) (1024K)]
  0x0000027041aff850 JavaThread "Build operations Thread 5"         [_thread_blocked, id=54524, stack(0x000000b49c900000,0x000000b49ca00000) (1024K)]
  0x0000027041afd910 JavaThread "Build operations Thread 6"         [_thread_blocked, id=40820, stack(0x000000b49ca00000,0x000000b49cb00000) (1024K)]
  0x0000027041afe0e0 JavaThread "Build operations Thread 7"         [_thread_blocked, id=38980, stack(0x000000b49cb00000,0x000000b49cc00000) (1024K)]
  0x0000027041afc1a0 JavaThread "Build operations Thread 8"         [_thread_blocked, id=50252, stack(0x000000b49cc00000,0x000000b49cd00000) (1024K)]
  0x0000027041b01f60 JavaThread "Build operations Thread 9"         [_thread_blocked, id=31068, stack(0x000000b49cd00000,0x000000b49ce00000) (1024K)]
  0x0000027041b01790 JavaThread "Build operations Thread 10"        [_thread_blocked, id=25340, stack(0x000000b49ce00000,0x000000b49cf00000) (1024K)]
  0x0000027041b00020 JavaThread "Build operations Thread 11"        [_thread_blocked, id=6164, stack(0x000000b49cf00000,0x000000b49d000000) (1024K)]
  0x0000027041b007f0 JavaThread "Build operations Thread 12"        [_thread_blocked, id=26900, stack(0x000000b49d000000,0x000000b49d100000) (1024K)]
  0x00000270420bc520 JavaThread "Problems report writer"            [_thread_blocked, id=52408, stack(0x000000b49d100000,0x000000b49d200000) (1024K)]
  0x00000270420bb580 JavaThread "Memory manager"                    [_thread_blocked, id=54508, stack(0x000000b49d200000,0x000000b49d300000) (1024K)]
  0x00000270420bbd50 JavaThread "build event listener"              [_thread_blocked, id=33380, stack(0x000000b49d500000,0x000000b49d600000) (1024K)]
  0x0000027046825300 JavaThread "included builds"                   [_thread_blocked, id=18992, stack(0x000000b49d400000,0x000000b49d500000) (1024K)]
  0x00000270420bccf0 JavaThread "Execution worker"                  [_thread_blocked, id=41672, stack(0x000000b49d600000,0x000000b49d700000) (1024K)]
  0x00000270420b9e10 JavaThread "Execution worker Thread 2"         [_thread_blocked, id=32312, stack(0x000000b49d700000,0x000000b49d800000) (1024K)]
  0x00000270420819e0 JavaThread "Execution worker Thread 3"         [_thread_blocked, id=39076, stack(0x000000b49d800000,0x000000b49d900000) (1024K)]
  0x000002704207eb00 JavaThread "Execution worker Thread 4"         [_thread_blocked, id=55268, stack(0x000000b49d900000,0x000000b49da00000) (1024K)]
  0x00000270420821b0 JavaThread "Execution worker Thread 5"         [_thread_blocked, id=1436, stack(0x000000b49da00000,0x000000b49db00000) (1024K)]
  0x0000027042081210 JavaThread "Execution worker Thread 6"         [_thread_blocked, id=51968, stack(0x000000b49db00000,0x000000b49dc00000) (1024K)]
  0x0000027042082980 JavaThread "Execution worker Thread 7"         [_thread_blocked, id=5808, stack(0x000000b49dc00000,0x000000b49dd00000) (1024K)]
  0x0000027042080a40 JavaThread "Execution worker Thread 8"         [_thread_blocked, id=42132, stack(0x000000b49dd00000,0x000000b49de00000) (1024K)]
  0x000002704207f2d0 JavaThread "Execution worker Thread 9"         [_thread_blocked, id=45976, stack(0x000000b49de00000,0x000000b49df00000) (1024K)]
  0x0000027042083150 JavaThread "Execution worker Thread 10"        [_thread_blocked, id=53240, stack(0x000000b49df00000,0x000000b49e000000) (1024K)]
  0x00000270420848c0 JavaThread "Execution worker Thread 11"        [_thread_blocked, id=54164, stack(0x000000b49e000000,0x000000b49e100000) (1024K)]
  0x0000027046264ee0 JavaThread "Cache worker for execution history cache (D:\itpmpAF\PAF\SachiniGit\PantryPal[tanya02]\.gradle\9.6.0\executionHistory)"        [_thread_blocked, id=29080, stack(0x000000b49e100000,0x000000b49e200000) (1024K)]
  0x00000270462675f0 JavaThread "WorkerExecutor Queue"              [_thread_blocked, id=27308, stack(0x000000b499000000,0x000000b499100000) (1024K)]
  0x0000027046261830 JavaThread "WorkerExecutor Queue Thread 2"        [_thread_blocked, id=39912, stack(0x000000b498f00000,0x000000b499000000) (1024K)]
  0x000002704626cbe0 JavaThread "WorkerExecutor Queue Thread 3"        [_thread_blocked, id=52580, stack(0x000000b499100000,0x000000b499200000) (1024K)]
  0x000002704626d3b0 JavaThread "WorkerExecutor Queue Thread 4"        [_thread_blocked, id=33392, stack(0x000000b49c400000,0x000000b49c500000) (1024K)]
  0x0000027046822bf0 JavaThread "WorkerExecutor Queue Thread 5"        [_thread_blocked, id=55508, stack(0x000000b49e200000,0x000000b49e300000) (1024K)]
  0x000002704681fd10 JavaThread "WorkerExecutor Queue Thread 6"        [_thread_blocked, id=54572, stack(0x000000b49d300000,0x000000b49d400000) (1024K)]
  0x0000027046824b30 JavaThread "WorkerExecutor Queue Thread 7"        [_thread_blocked, id=37996, stack(0x000000b49e300000,0x000000b49e400000) (1024K)]
  0x0000027046826a70 JavaThread "WorkerExecutor Queue Thread 8"        [_thread_blocked, id=11424, stack(0x000000b49e400000,0x000000b49e500000) (1024K)]
  0x0000027044ebeb10 JavaThread "WorkerExecutor Queue Thread 9"        [_thread_blocked, id=47708, stack(0x000000b49e500000,0x000000b49e600000) (1024K)]
  0x000002703fbb8bb0 JavaThread "WorkerExecutor Queue Thread 11"        [_thread_blocked, id=9192, stack(0x000000b49e700000,0x000000b49e800000) (1024K)]
  0x000002703ad76d50 JavaThread "WorkerExecutor Queue Thread 12"        [_thread_blocked, id=40596, stack(0x000000b49e800000,0x000000b49e900000) (1024K)]
  0x0000027040488280 JavaThread "WorkerExecutor Queue Thread 13"        [_thread_blocked, id=56280, stack(0x000000b49eb00000,0x000000b49ec00000) (1024K)]
  0x0000027043a79410 JavaThread "pool-4-thread-1"                   [_thread_in_native, id=13428, stack(0x000000b49f100000,0x000000b49f200000) (1024K)]
Total: 73

Other Threads:
  0x000002703ad33910 VMThread "VM Thread"                           [id=20788, stack(0x000000b499900000,0x000000b499a00000) (1024K)]
  0x000002703ad24200 WatcherThread "VM Periodic Task Thread"        [id=31228, stack(0x000000b499800000,0x000000b499900000) (1024K)]
  0x000002701cf219f0 WorkerThread "GC Thread#0"                     [id=48320, stack(0x000000b499300000,0x000000b499400000) (1024K)]
  0x00000270402ded10 WorkerThread "GC Thread#1"                     [id=5644, stack(0x000000b49a600000,0x000000b49a700000) (1024K)]
  0x00000270402df140 WorkerThread "GC Thread#2"                     [id=10600, stack(0x000000b49a700000,0x000000b49a800000) (1024K)]
  0x00000270402df570 WorkerThread "GC Thread#3"                     [id=37244, stack(0x000000b49a800000,0x000000b49a900000) (1024K)]
  0x00000270402df9a0 WorkerThread "GC Thread#4"                     [id=55516, stack(0x000000b49a900000,0x000000b49aa00000) (1024K)]
  0x00000270402dfdd0 WorkerThread "GC Thread#5"                     [id=51160, stack(0x000000b49aa00000,0x000000b49ab00000) (1024K)]
  0x00000270406a90c0 WorkerThread "GC Thread#6"                     [id=53160, stack(0x000000b49b800000,0x000000b49b900000) (1024K)]
  0x00000270406ab340 WorkerThread "GC Thread#7"                     [id=41940, stack(0x000000b49b900000,0x000000b49ba00000) (1024K)]
  0x00000270406ab790 WorkerThread "GC Thread#8"                     [id=55380, stack(0x000000b49ba00000,0x000000b49bb00000) (1024K)]
  0x0000027041fabc00 WorkerThread "GC Thread#9"                     [id=53840, stack(0x000000b49bb00000,0x000000b49bc00000) (1024K)]
  0x000002701cf2c6f0 ConcurrentGCThread "G1 Main Marker"            [id=54840, stack(0x000000b499400000,0x000000b499500000) (1024K)]
  0x000002701cf2e7f0 WorkerThread "G1 Conc#0"                       [id=32552, stack(0x000000b499500000,0x000000b499600000) (1024K)]
  0x0000027041faaf10 WorkerThread "G1 Conc#1"                       [id=36128, stack(0x000000b49bc00000,0x000000b49bd00000) (1024K)]
  0x0000027041fac4a0 WorkerThread "G1 Conc#2"                       [id=55720, stack(0x000000b49bd00000,0x000000b49be00000) (1024K)]
  0x000002701cf7e9d0 ConcurrentGCThread "G1 Refine#0"               [id=50436, stack(0x000000b499600000,0x000000b499700000) (1024K)]
  0x000002703abee610 ConcurrentGCThread "G1 Service"                [id=28860, stack(0x000000b499700000,0x000000b499800000) (1024K)]
Total: 18

Threads with active compile tasks:
C2 CompilerThread0  1787954 61562       4       org.jetbrains.org.objectweb.asm.tree.analysis.Frame::execute (2125 bytes)
Total: 1

VM state: not at safepoint (normal execution)

VM Mutex/Monitor currently owned by a thread: None

Heap address: 0x0000000763c00000, size: 2500 MB, Compressed Oops mode: Zero based, Oop shift amount: 3

CDS archive(s) mapped at: [0x000000009e000000-0x000000009edd0000-0x000000009edd0000), size 14483456, SharedBaseAddress: 0x000000009e000000, ArchiveRelocationMode: 1.
Compressed class space mapped at: 0x000000009f000000-0x00000000df000000, reserved size: 1073741824
UseCompressedClassPointers 1, UseCompactObjectHeaders 0
Narrow klass pointer bits 32, Max shift 3
Narrow klass base: 0x000000009e000000, Narrow klass shift: 0
Encoding Range: [0x000000009e000000 - 0x000000019e000000), (4294967296 bytes)
Klass Range:    [0x000000009e010000 - 0x00000000df000000), (1090453504 bytes)
Klass ID Range:  [65536 - 1090519033) (1090453497)
Protection zone: [0x000000009e000000 - 0x000000009e010000), (65536 bytes)

GC Precious Log:
 CardTable entry size: 512
 Card Set container configuration: InlinePtr #cards 4 size 8 Array Of Cards #cards 16 size 48 Howl #buckets 8 coarsen threshold 3686 Howl Bitmap #cards 512 size 80 coarsen threshold 460 Card regions per heap region 1 cards per card region 4096
 CPUs: 12 total, 12 available
 Memory: 16106M
 Large Page Support: Disabled
 NUMA Support: Disabled
 Compressed Oops: Enabled (Zero based)
 Heap Region Size: 2M
 Heap Min Capacity: 8M
 Heap Initial Capacity: 252M
 Heap Max Capacity: 2500M
 Pre-touch: Disabled
 Parallel Workers: 10
 Concurrent Workers: 3
 Concurrent Refinement Workers: 10
 Periodic GC: Disabled

Heap:
 garbage-first heap   total reserved 2560000K, committed 1343488K, used 460432K [0x0000000763c00000, 0x0000000800000000)
  region size 2048K, 16 young (32768K), 7 survivors (14336K)

Heap Regions: E=young(eden), S=young(survivor), O=old, HS=humongous(starts), HC=humongous(continues), CS=collection set, F=free, TAMS=top-at-mark-start, PB=parsable bottom
|   0|0x0000000763c00000, 0x0000000763e00000, 0x0000000763e00000|100%|HS|  |TAMS 0x0000000763c00000| PB 0x0000000763c00000| Complete |  0
|   1|0x0000000763e00000, 0x0000000764000000, 0x0000000764000000|100%|HC|  |TAMS 0x0000000763e00000| PB 0x0000000763e00000| Complete |  0
|   2|0x0000000764000000, 0x0000000764200000, 0x0000000764200000|100%| O|  |TAMS 0x0000000764000000| PB 0x0000000764000000| Untracked |  0
|   3|0x0000000764200000, 0x0000000764400000, 0x0000000764400000|100%| O|  |TAMS 0x0000000764200000| PB 0x0000000764200000| Untracked |  0
|   4|0x0000000764400000, 0x0000000764600000, 0x0000000764600000|100%| O|  |TAMS 0x0000000764400000| PB 0x0000000764400000| Untracked |  0
|   5|0x0000000764600000, 0x0000000764800000, 0x0000000764800000|100%| O|  |TAMS 0x0000000764600000| PB 0x0000000764600000| Untracked |  0
|   6|0x0000000764800000, 0x0000000764a00000, 0x0000000764a00000|100%| O|  |TAMS 0x0000000764800000| PB 0x0000000764800000| Untracked |  0
|   7|0x0000000764a00000, 0x0000000764c00000, 0x0000000764c00000|100%| O|  |TAMS 0x0000000764a00000| PB 0x0000000764a00000| Untracked |  0
|   8|0x0000000764c00000, 0x0000000764e00000, 0x0000000764e00000|100%| O|  |TAMS 0x0000000764c00000| PB 0x0000000764c00000| Untracked |  0
|   9|0x0000000764e00000, 0x0000000765000000, 0x0000000765000000|100%| O|  |TAMS 0x0000000764e00000| PB 0x0000000764e00000| Untracked |  0
|  10|0x0000000765000000, 0x0000000765200000, 0x0000000765200000|100%| O|  |TAMS 0x0000000765000000| PB 0x0000000765000000| Untracked |  0
|  11|0x0000000765200000, 0x0000000765400000, 0x0000000765400000|100%| O|  |TAMS 0x0000000765200000| PB 0x0000000765200000| Untracked |  0
|  12|0x0000000765400000, 0x0000000765600000, 0x0000000765600000|100%| O|  |TAMS 0x0000000765400000| PB 0x0000000765400000| Untracked |  0
|  13|0x0000000765600000, 0x0000000765800000, 0x0000000765800000|100%| O|  |TAMS 0x0000000765600000| PB 0x0000000765600000| Untracked |  0
|  14|0x0000000765800000, 0x0000000765a00000, 0x0000000765a00000|100%| O|  |TAMS 0x0000000765800000| PB 0x0000000765800000| Untracked |  0
|  15|0x0000000765a00000, 0x0000000765c00000, 0x0000000765c00000|100%| O|  |TAMS 0x0000000765a00000| PB 0x0000000765a00000| Untracked |  0
|  16|0x0000000765c00000, 0x0000000765e00000, 0x0000000765e00000|100%| O|  |TAMS 0x0000000765c00000| PB 0x0000000765c00000| Untracked |  0
|  17|0x0000000765e00000, 0x0000000766000000, 0x0000000766000000|100%| O|  |TAMS 0x0000000765e00000| PB 0x0000000765e00000| Untracked |  0
|  18|0x0000000766000000, 0x0000000766200000, 0x0000000766200000|100%| O|  |TAMS 0x0000000766000000| PB 0x0000000766000000| Untracked |  0
|  19|0x0000000766200000, 0x0000000766400000, 0x0000000766400000|100%| O|  |TAMS 0x0000000766200000| PB 0x0000000766200000| Untracked |  0
|  20|0x0000000766400000, 0x0000000766600000, 0x0000000766600000|100%|HS|  |TAMS 0x0000000766400000| PB 0x0000000766400000| Complete |  0
|  21|0x0000000766600000, 0x0000000766800000, 0x0000000766800000|100%|HS|  |TAMS 0x0000000766600000| PB 0x0000000766600000| Complete |  0
|  22|0x0000000766800000, 0x0000000766800000, 0x0000000766a00000|  0%| F|  |TAMS 0x0000000766800000| PB 0x0000000766800000| Untracked |  0
|  23|0x0000000766a00000, 0x0000000766c00000, 0x0000000766c00000|100%| O|  |TAMS 0x0000000766a00000| PB 0x0000000766a00000| Untracked |  0
|  24|0x0000000766c00000, 0x0000000766e00000, 0x0000000766e00000|100%| O|  |TAMS 0x0000000766c00000| PB 0x0000000766c00000| Untracked |  0
|  25|0x0000000766e00000, 0x0000000767000000, 0x0000000767000000|100%| O|  |TAMS 0x0000000766e00000| PB 0x0000000766e00000| Untracked |  0
|  26|0x0000000767000000, 0x0000000767200000, 0x0000000767200000|100%| O|  |TAMS 0x0000000767000000| PB 0x0000000767000000| Untracked |  0
|  27|0x0000000767200000, 0x0000000767400000, 0x0000000767400000|100%| O|  |TAMS 0x0000000767200000| PB 0x0000000767200000| Untracked |  0
|  28|0x0000000767400000, 0x0000000767600000, 0x0000000767600000|100%| O|  |TAMS 0x0000000767400000| PB 0x0000000767400000| Untracked |  0
|  29|0x0000000767600000, 0x0000000767800000, 0x0000000767800000|100%| O|  |TAMS 0x0000000767600000| PB 0x0000000767600000| Untracked |  0
|  30|0x0000000767800000, 0x0000000767a00000, 0x0000000767a00000|100%|HS|  |TAMS 0x0000000767800000| PB 0x0000000767800000| Complete |  0
|  31|0x0000000767a00000, 0x0000000767c00000, 0x0000000767c00000|100%|HC|  |TAMS 0x0000000767a00000| PB 0x0000000767a00000| Complete |  0
|  32|0x0000000767c00000, 0x0000000767e00000, 0x0000000767e00000|100%| O|  |TAMS 0x0000000767c00000| PB 0x0000000767c00000| Untracked |  0
|  33|0x0000000767e00000, 0x0000000768000000, 0x0000000768000000|100%| O|  |TAMS 0x0000000767e00000| PB 0x0000000767e00000| Untracked |  0
|  34|0x0000000768000000, 0x0000000768200000, 0x0000000768200000|100%| O|  |TAMS 0x0000000768000000| PB 0x0000000768000000| Untracked |  0
|  35|0x0000000768200000, 0x0000000768400000, 0x0000000768400000|100%| O|  |TAMS 0x0000000768200000| PB 0x0000000768200000| Untracked |  0
|  36|0x0000000768400000, 0x0000000768600000, 0x0000000768600000|100%| O|  |TAMS 0x0000000768400000| PB 0x0000000768400000| Untracked |  0
|  37|0x0000000768600000, 0x0000000768800000, 0x0000000768800000|100%|HS|  |TAMS 0x0000000768600000| PB 0x0000000768600000| Complete |  0
|  38|0x0000000768800000, 0x0000000768a00000, 0x0000000768a00000|100%|HC|  |TAMS 0x0000000768800000| PB 0x0000000768800000| Complete |  0
|  39|0x0000000768a00000, 0x0000000768c00000, 0x0000000768c00000|100%| O|  |TAMS 0x0000000768a00000| PB 0x0000000768a00000| Untracked |  0
|  40|0x0000000768c00000, 0x0000000768e00000, 0x0000000768e00000|100%| O|  |TAMS 0x0000000768c00000| PB 0x0000000768c00000| Untracked |  0
|  41|0x0000000768e00000, 0x0000000769000000, 0x0000000769000000|100%| O|  |TAMS 0x0000000768e00000| PB 0x0000000768e00000| Untracked |  0
|  42|0x0000000769000000, 0x0000000769200000, 0x0000000769200000|100%| O|  |TAMS 0x0000000769000000| PB 0x0000000769000000| Untracked |  0
|  43|0x0000000769200000, 0x0000000769400000, 0x0000000769400000|100%| O|  |TAMS 0x0000000769200000| PB 0x0000000769200000| Untracked |  0
|  44|0x0000000769400000, 0x0000000769600000, 0x0000000769600000|100%| O|  |TAMS 0x0000000769400000| PB 0x0000000769400000| Untracked |  0
|  45|0x0000000769600000, 0x0000000769800000, 0x0000000769800000|100%| O|  |TAMS 0x0000000769600000| PB 0x0000000769600000| Untracked |  0
|  46|0x0000000769800000, 0x0000000769a00000, 0x0000000769a00000|100%| O|  |TAMS 0x0000000769800000| PB 0x0000000769800000| Untracked |  0
|  47|0x0000000769a00000, 0x0000000769c00000, 0x0000000769c00000|100%| O|  |TAMS 0x0000000769a00000| PB 0x0000000769a00000| Untracked |  0
|  48|0x0000000769c00000, 0x0000000769e00000, 0x0000000769e00000|100%| O|  |TAMS 0x0000000769c00000| PB 0x0000000769c00000| Untracked |  0
|  49|0x0000000769e00000, 0x000000076a000000, 0x000000076a000000|100%| O|  |TAMS 0x0000000769e00000| PB 0x0000000769e00000| Untracked |  0
|  50|0x000000076a000000, 0x000000076a200000, 0x000000076a200000|100%| O|  |TAMS 0x000000076a000000| PB 0x000000076a000000| Untracked |  0
|  51|0x000000076a200000, 0x000000076a400000, 0x000000076a400000|100%| O|  |TAMS 0x000000076a200000| PB 0x000000076a200000| Untracked |  0
|  52|0x000000076a400000, 0x000000076a600000, 0x000000076a600000|100%| O|  |TAMS 0x000000076a400000| PB 0x000000076a400000| Untracked |  0
|  53|0x000000076a600000, 0x000000076a800000, 0x000000076a800000|100%| O|  |TAMS 0x000000076a600000| PB 0x000000076a600000| Untracked |  0
|  54|0x000000076a800000, 0x000000076aa00000, 0x000000076aa00000|100%| O|  |TAMS 0x000000076a800000| PB 0x000000076a800000| Untracked |  0
|  55|0x000000076aa00000, 0x000000076ac00000, 0x000000076ac00000|100%| O|  |TAMS 0x000000076aa00000| PB 0x000000076aa00000| Untracked |  0
|  56|0x000000076ac00000, 0x000000076ae00000, 0x000000076ae00000|100%| O|  |TAMS 0x000000076ac00000| PB 0x000000076ac00000| Untracked |  0
|  57|0x000000076ae00000, 0x000000076b000000, 0x000000076b000000|100%| O|  |TAMS 0x000000076ae00000| PB 0x000000076ae00000| Untracked |  0
|  58|0x000000076b000000, 0x000000076b200000, 0x000000076b200000|100%| O|  |TAMS 0x000000076b000000| PB 0x000000076b000000| Untracked |  0
|  59|0x000000076b200000, 0x000000076b400000, 0x000000076b400000|100%| O|  |TAMS 0x000000076b200000| PB 0x000000076b200000| Untracked |  0
|  60|0x000000076b400000, 0x000000076b600000, 0x000000076b600000|100%| O|  |TAMS 0x000000076b400000| PB 0x000000076b400000| Untracked |  0
|  61|0x000000076b600000, 0x000000076b800000, 0x000000076b800000|100%| O|Cm|TAMS 0x000000076b600000| PB 0x000000076b600000| Complete |  0
|  62|0x000000076b800000, 0x000000076ba00000, 0x000000076ba00000|100%| O|  |TAMS 0x000000076b800000| PB 0x000000076b800000| Untracked |  0
|  63|0x000000076ba00000, 0x000000076bc00000, 0x000000076bc00000|100%| O|Cm|TAMS 0x000000076ba00000| PB 0x000000076ba00000| Complete |  0
|  64|0x000000076bc00000, 0x000000076be00000, 0x000000076be00000|100%| O|  |TAMS 0x000000076bc00000| PB 0x000000076bc00000| Untracked |  0
|  65|0x000000076be00000, 0x000000076c000000, 0x000000076c000000|100%| O|  |TAMS 0x000000076be00000| PB 0x000000076be00000| Untracked |  0
|  66|0x000000076c000000, 0x000000076c200000, 0x000000076c200000|100%| O|  |TAMS 0x000000076c000000| PB 0x000000076c000000| Untracked |  0
|  67|0x000000076c200000, 0x000000076c400000, 0x000000076c400000|100%|HS|  |TAMS 0x000000076c200000| PB 0x000000076c200000| Complete |  0
|  68|0x000000076c400000, 0x000000076c600000, 0x000000076c600000|100%| O|Cm|TAMS 0x000000076c400000| PB 0x000000076c400000| Complete |  0
|  69|0x000000076c600000, 0x000000076c800000, 0x000000076c800000|100%| O|  |TAMS 0x000000076c600000| PB 0x000000076c600000| Untracked |  0
|  70|0x000000076c800000, 0x000000076ca00000, 0x000000076ca00000|100%| O|  |TAMS 0x000000076c800000| PB 0x000000076c800000| Untracked |  0
|  71|0x000000076ca00000, 0x000000076cc00000, 0x000000076cc00000|100%| O|  |TAMS 0x000000076ca00000| PB 0x000000076ca00000| Untracked |  0
|  72|0x000000076cc00000, 0x000000076ce00000, 0x000000076ce00000|100%| O|  |TAMS 0x000000076cc00000| PB 0x000000076cc00000| Untracked |  0
|  73|0x000000076ce00000, 0x000000076d000000, 0x000000076d000000|100%| O|Cm|TAMS 0x000000076ce00000| PB 0x000000076ce00000| Complete |  0
|  74|0x000000076d000000, 0x000000076d200000, 0x000000076d200000|100%| O|  |TAMS 0x000000076d000000| PB 0x000000076d000000| Untracked |  0
|  75|0x000000076d200000, 0x000000076d400000, 0x000000076d400000|100%| O|Cm|TAMS 0x000000076d200000| PB 0x000000076d200000| Complete |  0
|  76|0x000000076d400000, 0x000000076d600000, 0x000000076d600000|100%| O|Cm|TAMS 0x000000076d400000| PB 0x000000076d400000| Complete |  0
|  77|0x000000076d600000, 0x000000076d800000, 0x000000076d800000|100%| O|Cm|TAMS 0x000000076d600000| PB 0x000000076d600000| Complete |  0
|  78|0x000000076d800000, 0x000000076da00000, 0x000000076da00000|100%| O|  |TAMS 0x000000076d800000| PB 0x000000076d800000| Untracked |  0
|  79|0x000000076da00000, 0x000000076da6bbc0, 0x000000076dc00000| 21%| O|  |TAMS 0x000000076da00000| PB 0x000000076da00000| Untracked |  0
|  80|0x000000076dc00000, 0x000000076de00000, 0x000000076de00000|100%| O|Cm|TAMS 0x000000076dc00000| PB 0x000000076dc00000| Complete |  0
|  81|0x000000076de00000, 0x000000076e000000, 0x000000076e000000|100%| O|  |TAMS 0x000000076de00000| PB 0x000000076de00000| Untracked |  0
|  82|0x000000076e000000, 0x000000076e200000, 0x000000076e200000|100%| O|  |TAMS 0x000000076e000000| PB 0x000000076e000000| Untracked |  0
|  83|0x000000076e200000, 0x000000076e400000, 0x000000076e400000|100%| O|Cm|TAMS 0x000000076e200000| PB 0x000000076e200000| Complete |  0
|  84|0x000000076e400000, 0x000000076e400000, 0x000000076e600000|  0%| F|  |TAMS 0x000000076e400000| PB 0x000000076e400000| Untracked |  0
|  85|0x000000076e600000, 0x000000076e800000, 0x000000076e800000|100%| O|Cm|TAMS 0x000000076e600000| PB 0x000000076e600000| Complete |  0
|  86|0x000000076e800000, 0x000000076ea00000, 0x000000076ea00000|100%| O|Cm|TAMS 0x000000076e800000| PB 0x000000076e800000| Complete |  0
|  87|0x000000076ea00000, 0x000000076ea00000, 0x000000076ec00000|  0%| F|  |TAMS 0x000000076ea00000| PB 0x000000076ea00000| Untracked |  0
|  88|0x000000076ec00000, 0x000000076ee00000, 0x000000076ee00000|100%| O|Cm|TAMS 0x000000076ec00000| PB 0x000000076ec00000| Complete |  0
|  89|0x000000076ee00000, 0x000000076f000000, 0x000000076f000000|100%| O|Cm|TAMS 0x000000076ee00000| PB 0x000000076ee00000| Complete |  0
|  90|0x000000076f000000, 0x000000076f000000, 0x000000076f200000|  0%| F|  |TAMS 0x000000076f000000| PB 0x000000076f000000| Untracked |  0
|  91|0x000000076f200000, 0x000000076f200000, 0x000000076f400000|  0%| F|  |TAMS 0x000000076f200000| PB 0x000000076f200000| Untracked |  0
|  92|0x000000076f400000, 0x000000076f400000, 0x000000076f600000|  0%| F|  |TAMS 0x000000076f400000| PB 0x000000076f400000| Untracked |  0
|  93|0x000000076f600000, 0x000000076f800000, 0x000000076f800000|100%| O|Cm|TAMS 0x000000076f600000| PB 0x000000076f600000| Complete |  0
|  94|0x000000076f800000, 0x000000076fa00000, 0x000000076fa00000|100%| O|  |TAMS 0x000000076f800000| PB 0x000000076f800000| Untracked |  0
|  95|0x000000076fa00000, 0x000000076fc00000, 0x000000076fc00000|100%| O|  |TAMS 0x000000076fa00000| PB 0x000000076fa00000| Untracked |  0
|  96|0x000000076fc00000, 0x000000076fe00000, 0x000000076fe00000|100%| O|  |TAMS 0x000000076fc00000| PB 0x000000076fc00000| Untracked |  0
|  97|0x000000076fe00000, 0x0000000770000000, 0x0000000770000000|100%| O|  |TAMS 0x000000076fe00000| PB 0x000000076fe00000| Untracked |  0
|  98|0x0000000770000000, 0x0000000770200000, 0x0000000770200000|100%| O|  |TAMS 0x0000000770000000| PB 0x0000000770000000| Untracked |  0
|  99|0x0000000770200000, 0x0000000770400000, 0x0000000770400000|100%| O|  |TAMS 0x0000000770200000| PB 0x0000000770200000| Untracked |  0
| 100|0x0000000770400000, 0x0000000770400000, 0x0000000770600000|  0%| F|  |TAMS 0x0000000770400000| PB 0x0000000770400000| Untracked |  0
| 101|0x0000000770600000, 0x0000000770800000, 0x0000000770800000|100%| O|  |TAMS 0x0000000770600000| PB 0x0000000770600000| Untracked |  0
| 102|0x0000000770800000, 0x0000000770a00000, 0x0000000770a00000|100%| O|Cm|TAMS 0x0000000770800000| PB 0x0000000770800000| Complete |  0
| 103|0x0000000770a00000, 0x0000000770c00000, 0x0000000770c00000|100%| O|  |TAMS 0x0000000770a00000| PB 0x0000000770a00000| Untracked |  0
| 104|0x0000000770c00000, 0x0000000770e00000, 0x0000000770e00000|100%| O|  |TAMS 0x0000000770c00000| PB 0x0000000770c00000| Untracked |  0
| 105|0x0000000770e00000, 0x0000000771000000, 0x0000000771000000|100%| O|Cm|TAMS 0x0000000770e00000| PB 0x0000000770e00000| Complete |  0
| 106|0x0000000771000000, 0x0000000771200000, 0x0000000771200000|100%| O|Cm|TAMS 0x0000000771000000| PB 0x0000000771000000| Complete |  0
| 107|0x0000000771200000, 0x0000000771400000, 0x0000000771400000|100%| O|Cm|TAMS 0x0000000771200000| PB 0x0000000771200000| Complete |  0
| 108|0x0000000771400000, 0x0000000771600000, 0x0000000771600000|100%| O|Cm|TAMS 0x0000000771400000| PB 0x0000000771400000| Complete |  0
| 109|0x0000000771600000, 0x0000000771800000, 0x0000000771800000|100%| O|Cm|TAMS 0x0000000771600000| PB 0x0000000771600000| Complete |  0
| 110|0x0000000771800000, 0x0000000771800000, 0x0000000771a00000|  0%| F|  |TAMS 0x0000000771800000| PB 0x0000000771800000| Untracked |  0
| 111|0x0000000771a00000, 0x0000000771c00000, 0x0000000771c00000|100%| O|  |TAMS 0x0000000771a00000| PB 0x0000000771a00000| Untracked |  0
| 112|0x0000000771c00000, 0x0000000771e00000, 0x0000000771e00000|100%| O|  |TAMS 0x0000000771c00000| PB 0x0000000771c00000| Untracked |  0
| 113|0x0000000771e00000, 0x0000000772000000, 0x0000000772000000|100%| O|  |TAMS 0x0000000771e00000| PB 0x0000000771e00000| Untracked |  0
| 114|0x0000000772000000, 0x0000000772200000, 0x0000000772200000|100%| O|  |TAMS 0x0000000772000000| PB 0x0000000772000000| Untracked |  0
| 115|0x0000000772200000, 0x0000000772400000, 0x0000000772400000|100%| O|Cm|TAMS 0x0000000772200000| PB 0x0000000772200000| Complete |  0
| 116|0x0000000772400000, 0x0000000772600000, 0x0000000772600000|100%| O|Cm|TAMS 0x0000000772400000| PB 0x0000000772400000| Complete |  0
| 117|0x0000000772600000, 0x0000000772600000, 0x0000000772800000|  0%| F|  |TAMS 0x0000000772600000| PB 0x0000000772600000| Untracked |  0
| 118|0x0000000772800000, 0x0000000772800000, 0x0000000772a00000|  0%| F|  |TAMS 0x0000000772800000| PB 0x0000000772800000| Untracked |  0
| 119|0x0000000772a00000, 0x0000000772a00000, 0x0000000772c00000|  0%| F|  |TAMS 0x0000000772a00000| PB 0x0000000772a00000| Untracked |  0
| 120|0x0000000772c00000, 0x0000000772c00000, 0x0000000772e00000|  0%| F|  |TAMS 0x0000000772c00000| PB 0x0000000772c00000| Untracked |  0
| 121|0x0000000772e00000, 0x0000000773000000, 0x0000000773000000|100%| O|Cm|TAMS 0x0000000772e00000| PB 0x0000000772e00000| Complete |  0
| 122|0x0000000773000000, 0x0000000773000000, 0x0000000773200000|  0%| F|  |TAMS 0x0000000773000000| PB 0x0000000773000000| Untracked |  0
| 123|0x0000000773200000, 0x0000000773200000, 0x0000000773400000|  0%| F|  |TAMS 0x0000000773200000| PB 0x0000000773200000| Untracked |  0
| 124|0x0000000773400000, 0x0000000773600000, 0x0000000773600000|100%| O|Cm|TAMS 0x0000000773400000| PB 0x0000000773400000| Complete |  0
| 125|0x0000000773600000, 0x0000000773600000, 0x0000000773800000|  0%| F|  |TAMS 0x0000000773600000| PB 0x0000000773600000| Untracked |  0
| 126|0x0000000773800000, 0x0000000773800000, 0x0000000773a00000|  0%| F|  |TAMS 0x0000000773800000| PB 0x0000000773800000| Untracked |  0
| 127|0x0000000773a00000, 0x0000000773c00000, 0x0000000773c00000|100%| O|  |TAMS 0x0000000773a00000| PB 0x0000000773a00000| Untracked |  0
| 128|0x0000000773c00000, 0x0000000773e00000, 0x0000000773e00000|100%| O|  |TAMS 0x0000000773c00000| PB 0x0000000773c00000| Untracked |  0
| 129|0x0000000773e00000, 0x0000000774000000, 0x0000000774000000|100%| O|  |TAMS 0x0000000773e00000| PB 0x0000000773e00000| Untracked |  0
| 130|0x0000000774000000, 0x0000000774200000, 0x0000000774200000|100%| O|  |TAMS 0x0000000774000000| PB 0x0000000774000000| Untracked |  0
| 131|0x0000000774200000, 0x0000000774400000, 0x0000000774400000|100%| O|Cm|TAMS 0x0000000774200000| PB 0x0000000774200000| Complete |  0
| 132|0x0000000774400000, 0x0000000774600000, 0x0000000774600000|100%| O|  |TAMS 0x0000000774400000| PB 0x0000000774400000| Untracked |  0
| 133|0x0000000774600000, 0x0000000774600000, 0x0000000774800000|  0%| F|  |TAMS 0x0000000774600000| PB 0x0000000774600000| Untracked |  0
| 134|0x0000000774800000, 0x0000000774a00000, 0x0000000774a00000|100%| O|  |TAMS 0x0000000774800000| PB 0x0000000774800000| Untracked |  0
| 135|0x0000000774a00000, 0x0000000774c00000, 0x0000000774c00000|100%| O|  |TAMS 0x0000000774a00000| PB 0x0000000774a00000| Untracked |  0
| 136|0x0000000774c00000, 0x0000000774e00000, 0x0000000774e00000|100%| O|Cm|TAMS 0x0000000774c00000| PB 0x0000000774c00000| Complete |  0
| 137|0x0000000774e00000, 0x0000000774e00000, 0x0000000775000000|  0%| F|  |TAMS 0x0000000774e00000| PB 0x0000000774e00000| Untracked |  0
| 138|0x0000000775000000, 0x0000000775000000, 0x0000000775200000|  0%| F|  |TAMS 0x0000000775000000| PB 0x0000000775000000| Untracked |  0
| 139|0x0000000775200000, 0x0000000775200000, 0x0000000775400000|  0%| F|  |TAMS 0x0000000775200000| PB 0x0000000775200000| Untracked |  0
| 140|0x0000000775400000, 0x0000000775400000, 0x0000000775600000|  0%| F|  |TAMS 0x0000000775400000| PB 0x0000000775400000| Untracked |  0
| 141|0x0000000775600000, 0x0000000775600000, 0x0000000775800000|  0%| F|  |TAMS 0x0000000775600000| PB 0x0000000775600000| Untracked |  0
| 142|0x0000000775800000, 0x0000000775a00000, 0x0000000775a00000|100%|HS|  |TAMS 0x0000000775800000| PB 0x0000000775800000| Complete |  0
| 143|0x0000000775a00000, 0x0000000775a00000, 0x0000000775c00000|  0%| F|  |TAMS 0x0000000775a00000| PB 0x0000000775a00000| Untracked |  0
| 144|0x0000000775c00000, 0x0000000775e00000, 0x0000000775e00000|100%| O|  |TAMS 0x0000000775c00000| PB 0x0000000775c00000| Untracked |  0
| 145|0x0000000775e00000, 0x0000000776000000, 0x0000000776000000|100%| O|  |TAMS 0x0000000775e00000| PB 0x0000000775e00000| Untracked |  0
| 146|0x0000000776000000, 0x0000000776200000, 0x0000000776200000|100%| O|  |TAMS 0x0000000776000000| PB 0x0000000776000000| Untracked |  0
| 147|0x0000000776200000, 0x0000000776400000, 0x0000000776400000|100%| O|  |TAMS 0x0000000776200000| PB 0x0000000776200000| Untracked |  0
| 148|0x0000000776400000, 0x0000000776600000, 0x0000000776600000|100%| O|Cm|TAMS 0x0000000776400000| PB 0x0000000776400000| Complete |  0
| 149|0x0000000776600000, 0x0000000776800000, 0x0000000776800000|100%| O|  |TAMS 0x0000000776600000| PB 0x0000000776600000| Untracked |  0
| 150|0x0000000776800000, 0x0000000776a00000, 0x0000000776a00000|100%| O|  |TAMS 0x0000000776800000| PB 0x0000000776800000| Untracked |  0
| 151|0x0000000776a00000, 0x0000000776c00000, 0x0000000776c00000|100%| O|  |TAMS 0x0000000776a00000| PB 0x0000000776a00000| Untracked |  0
| 152|0x0000000776c00000, 0x0000000776e00000, 0x0000000776e00000|100%| O|  |TAMS 0x0000000776c00000| PB 0x0000000776c00000| Untracked |  0
| 153|0x0000000776e00000, 0x0000000776e00000, 0x0000000777000000|  0%| F|  |TAMS 0x0000000776e00000| PB 0x0000000776e00000| Untracked |  0
| 154|0x0000000777000000, 0x0000000777000000, 0x0000000777200000|  0%| F|  |TAMS 0x0000000777000000| PB 0x0000000777000000| Untracked |  0
| 155|0x0000000777200000, 0x0000000777400000, 0x0000000777400000|100%| O|  |TAMS 0x0000000777200000| PB 0x0000000777200000| Untracked |  0
| 156|0x0000000777400000, 0x0000000777600000, 0x0000000777600000|100%| O|Cm|TAMS 0x0000000777400000| PB 0x0000000777400000| Complete |  0
| 157|0x0000000777600000, 0x0000000777800000, 0x0000000777800000|100%| O|  |TAMS 0x0000000777600000| PB 0x0000000777600000| Untracked |  0
| 158|0x0000000777800000, 0x0000000777800000, 0x0000000777a00000|  0%| F|  |TAMS 0x0000000777800000| PB 0x0000000777800000| Untracked |  0
| 159|0x0000000777a00000, 0x0000000777c00000, 0x0000000777c00000|100%| O|  |TAMS 0x0000000777a00000| PB 0x0000000777a00000| Untracked |  0
| 160|0x0000000777c00000, 0x0000000777e00000, 0x0000000777e00000|100%| O|  |TAMS 0x0000000777c00000| PB 0x0000000777c00000| Untracked |  0
| 161|0x0000000777e00000, 0x0000000778000000, 0x0000000778000000|100%| O|  |TAMS 0x0000000777e00000| PB 0x0000000777e00000| Untracked |  0
| 162|0x0000000778000000, 0x0000000778200000, 0x0000000778200000|100%| O|  |TAMS 0x0000000778000000| PB 0x0000000778000000| Untracked |  0
| 163|0x0000000778200000, 0x0000000778400000, 0x0000000778400000|100%| O|Cm|TAMS 0x0000000778200000| PB 0x0000000778200000| Complete |  0
| 164|0x0000000778400000, 0x0000000778400000, 0x0000000778600000|  0%| F|  |TAMS 0x0000000778400000| PB 0x0000000778400000| Untracked |  0
| 165|0x0000000778600000, 0x0000000778800000, 0x0000000778800000|100%| O|Cm|TAMS 0x0000000778600000| PB 0x0000000778600000| Complete |  0
| 166|0x0000000778800000, 0x0000000778800000, 0x0000000778a00000|  0%| F|  |TAMS 0x0000000778800000| PB 0x0000000778800000| Untracked |  0
| 167|0x0000000778a00000, 0x0000000778c00000, 0x0000000778c00000|100%| O|  |TAMS 0x0000000778a00000| PB 0x0000000778a00000| Untracked |  0
| 168|0x0000000778c00000, 0x0000000778c00000, 0x0000000778e00000|  0%| F|  |TAMS 0x0000000778c00000| PB 0x0000000778c00000| Untracked |  0
| 169|0x0000000778e00000, 0x0000000779000000, 0x0000000779000000|100%| O|  |TAMS 0x0000000778e00000| PB 0x0000000778e00000| Untracked |  0
| 170|0x0000000779000000, 0x0000000779200000, 0x0000000779200000|100%| O|  |TAMS 0x0000000779000000| PB 0x0000000779000000| Untracked |  0
| 171|0x0000000779200000, 0x0000000779400000, 0x0000000779400000|100%| O|  |TAMS 0x0000000779200000| PB 0x0000000779200000| Untracked |  0
| 172|0x0000000779400000, 0x0000000779600000, 0x0000000779600000|100%| O|  |TAMS 0x0000000779400000| PB 0x0000000779400000| Untracked |  0
| 173|0x0000000779600000, 0x0000000779800000, 0x0000000779800000|100%| O|  |TAMS 0x0000000779600000| PB 0x0000000779600000| Untracked |  0
| 174|0x0000000779800000, 0x0000000779800000, 0x0000000779a00000|  0%| F|  |TAMS 0x0000000779800000| PB 0x0000000779800000| Untracked |  0
| 175|0x0000000779a00000, 0x0000000779c00000, 0x0000000779c00000|100%| O|  |TAMS 0x0000000779a00000| PB 0x0000000779a00000| Untracked |  0
| 176|0x0000000779c00000, 0x0000000779e00000, 0x0000000779e00000|100%| O|  |TAMS 0x0000000779c00000| PB 0x0000000779c00000| Untracked |  0
| 177|0x0000000779e00000, 0x000000077a000000, 0x000000077a000000|100%| O|  |TAMS 0x0000000779e00000| PB 0x0000000779e00000| Untracked |  0
| 178|0x000000077a000000, 0x000000077a200000, 0x000000077a200000|100%| O|  |TAMS 0x000000077a000000| PB 0x000000077a000000| Untracked |  0
| 179|0x000000077a200000, 0x000000077a400000, 0x000000077a400000|100%| O|  |TAMS 0x000000077a200000| PB 0x000000077a200000| Untracked |  0
| 180|0x000000077a400000, 0x000000077a600000, 0x000000077a600000|100%| O|  |TAMS 0x000000077a400000| PB 0x000000077a400000| Untracked |  0
| 181|0x000000077a600000, 0x000000077a800000, 0x000000077a800000|100%| O|  |TAMS 0x000000077a600000| PB 0x000000077a600000| Untracked |  0
| 182|0x000000077a800000, 0x000000077aa00000, 0x000000077aa00000|100%| O|  |TAMS 0x000000077a800000| PB 0x000000077a800000| Untracked |  0
| 183|0x000000077aa00000, 0x000000077ac00000, 0x000000077ac00000|100%| O|  |TAMS 0x000000077aa00000| PB 0x000000077aa00000| Untracked |  0
| 184|0x000000077ac00000, 0x000000077ae00000, 0x000000077ae00000|100%| O|Cm|TAMS 0x000000077ac00000| PB 0x000000077ac00000| Complete |  0
| 185|0x000000077ae00000, 0x000000077ae00000, 0x000000077b000000|  0%| F|  |TAMS 0x000000077ae00000| PB 0x000000077ae00000| Untracked |  0
| 186|0x000000077b000000, 0x000000077b000000, 0x000000077b200000|  0%| F|  |TAMS 0x000000077b000000| PB 0x000000077b000000| Untracked |  0
| 187|0x000000077b200000, 0x000000077b400000, 0x000000077b400000|100%| O|Cm|TAMS 0x000000077b200000| PB 0x000000077b200000| Complete |  0
| 188|0x000000077b400000, 0x000000077b600000, 0x000000077b600000|100%| O|Cm|TAMS 0x000000077b400000| PB 0x000000077b400000| Complete |  0
| 189|0x000000077b600000, 0x000000077b800000, 0x000000077b800000|100%| O|Cm|TAMS 0x000000077b600000| PB 0x000000077b600000| Complete |  0
| 190|0x000000077b800000, 0x000000077ba00000, 0x000000077ba00000|100%| O|Cm|TAMS 0x000000077b800000| PB 0x000000077b800000| Complete |  0
| 191|0x000000077ba00000, 0x000000077bc00000, 0x000000077bc00000|100%| O|  |TAMS 0x000000077ba00000| PB 0x000000077ba00000| Untracked |  0
| 192|0x000000077bc00000, 0x000000077be00000, 0x000000077be00000|100%| O|Cm|TAMS 0x000000077bc00000| PB 0x000000077bc00000| Complete |  0
| 193|0x000000077be00000, 0x000000077c000000, 0x000000077c000000|100%| O|Cm|TAMS 0x000000077be00000| PB 0x000000077be00000| Complete |  0
| 194|0x000000077c000000, 0x000000077c000000, 0x000000077c200000|  0%| F|  |TAMS 0x000000077c000000| PB 0x000000077c000000| Untracked |  0
| 195|0x000000077c200000, 0x000000077c400000, 0x000000077c400000|100%| O|Cm|TAMS 0x000000077c200000| PB 0x000000077c200000| Complete |  0
| 196|0x000000077c400000, 0x000000077c600000, 0x000000077c600000|100%| O|  |TAMS 0x000000077c400000| PB 0x000000077c400000| Untracked |  0
| 197|0x000000077c600000, 0x000000077c800000, 0x000000077c800000|100%| O|Cm|TAMS 0x000000077c600000| PB 0x000000077c600000| Complete |  0
| 198|0x000000077c800000, 0x000000077ca00000, 0x000000077ca00000|100%| O|Cm|TAMS 0x000000077c800000| PB 0x000000077c800000| Complete |  0
| 199|0x000000077ca00000, 0x000000077cc00000, 0x000000077cc00000|100%| O|Cm|TAMS 0x000000077ca00000| PB 0x000000077ca00000| Complete |  0
| 200|0x000000077cc00000, 0x000000077ce00000, 0x000000077ce00000|100%| O|  |TAMS 0x000000077cc00000| PB 0x000000077cc00000| Untracked |  0
| 201|0x000000077ce00000, 0x000000077ce00000, 0x000000077d000000|  0%| F|  |TAMS 0x000000077ce00000| PB 0x000000077ce00000| Untracked |  0
| 202|0x000000077d000000, 0x000000077d200000, 0x000000077d200000|100%| O|Cm|TAMS 0x000000077d000000| PB 0x000000077d000000| Complete |  0
| 203|0x000000077d200000, 0x000000077d200000, 0x000000077d400000|  0%| F|  |TAMS 0x000000077d200000| PB 0x000000077d200000| Untracked |  0
| 204|0x000000077d400000, 0x000000077d600000, 0x000000077d600000|100%| O|Cm|TAMS 0x000000077d400000| PB 0x000000077d400000| Complete |  0
| 205|0x000000077d600000, 0x000000077d800000, 0x000000077d800000|100%| O|Cm|TAMS 0x000000077d600000| PB 0x000000077d600000| Complete |  0
| 206|0x000000077d800000, 0x000000077da00000, 0x000000077da00000|100%| O|Cm|TAMS 0x000000077d800000| PB 0x000000077d800000| Complete |  0
| 207|0x000000077da00000, 0x000000077da00000, 0x000000077dc00000|  0%| F|  |TAMS 0x000000077da00000| PB 0x000000077da00000| Untracked |  0
| 208|0x000000077dc00000, 0x000000077dc00000, 0x000000077de00000|  0%| F|  |TAMS 0x000000077dc00000| PB 0x000000077dc00000| Untracked |  0
| 209|0x000000077de00000, 0x000000077e000000, 0x000000077e000000|100%| O|  |TAMS 0x000000077de00000| PB 0x000000077de00000| Untracked |  0
| 210|0x000000077e000000, 0x000000077e000000, 0x000000077e200000|  0%| F|  |TAMS 0x000000077e000000| PB 0x000000077e000000| Untracked |  0
| 211|0x000000077e200000, 0x000000077e200000, 0x000000077e400000|  0%| F|  |TAMS 0x000000077e200000| PB 0x000000077e200000| Untracked |  0
| 212|0x000000077e400000, 0x000000077e400000, 0x000000077e600000|  0%| F|  |TAMS 0x000000077e400000| PB 0x000000077e400000| Untracked |  0
| 213|0x000000077e600000, 0x000000077e600000, 0x000000077e800000|  0%| F|  |TAMS 0x000000077e600000| PB 0x000000077e600000| Untracked |  0
| 214|0x000000077e800000, 0x000000077ea00000, 0x000000077ea00000|100%| O|Cm|TAMS 0x000000077e800000| PB 0x000000077e800000| Complete |  0
| 215|0x000000077ea00000, 0x000000077ea00000, 0x000000077ec00000|  0%| F|  |TAMS 0x000000077ea00000| PB 0x000000077ea00000| Untracked |  0
| 216|0x000000077ec00000, 0x000000077ec00000, 0x000000077ee00000|  0%| F|  |TAMS 0x000000077ec00000| PB 0x000000077ec00000| Untracked |  0
| 217|0x000000077ee00000, 0x000000077f000000, 0x000000077f000000|100%| O|Cm|TAMS 0x000000077ee00000| PB 0x000000077ee00000| Complete |  0
| 218|0x000000077f000000, 0x000000077f000000, 0x000000077f200000|  0%| F|  |TAMS 0x000000077f000000| PB 0x000000077f000000| Untracked |  0
| 219|0x000000077f200000, 0x000000077f200000, 0x000000077f400000|  0%| F|  |TAMS 0x000000077f200000| PB 0x000000077f200000| Untracked |  0
| 220|0x000000077f400000, 0x000000077f400000, 0x000000077f600000|  0%| F|  |TAMS 0x000000077f400000| PB 0x000000077f400000| Untracked |  0
| 221|0x000000077f600000, 0x000000077f600000, 0x000000077f800000|  0%| F|  |TAMS 0x000000077f600000| PB 0x000000077f600000| Untracked |  0
| 222|0x000000077f800000, 0x000000077fa00000, 0x000000077fa00000|100%| O|  |TAMS 0x000000077f800000| PB 0x000000077f800000| Untracked |  0
| 223|0x000000077fa00000, 0x000000077fc00000, 0x000000077fc00000|100%| O|Cm|TAMS 0x000000077fa00000| PB 0x000000077fa00000| Complete |  0
| 224|0x000000077fc00000, 0x000000077fc00000, 0x000000077fe00000|  0%| F|  |TAMS 0x000000077fc00000| PB 0x000000077fc00000| Untracked |  0
| 225|0x000000077fe00000, 0x000000077fe00000, 0x0000000780000000|  0%| F|  |TAMS 0x000000077fe00000| PB 0x000000077fe00000| Untracked |  0
| 226|0x0000000780000000, 0x0000000780200000, 0x0000000780200000|100%| O|Cm|TAMS 0x0000000780000000| PB 0x0000000780000000| Complete |  0
| 227|0x0000000780200000, 0x0000000780200000, 0x0000000780400000|  0%| F|  |TAMS 0x0000000780200000| PB 0x0000000780200000| Untracked |  0
| 228|0x0000000780400000, 0x0000000780600000, 0x0000000780600000|100%| O|Cm|TAMS 0x0000000780400000| PB 0x0000000780400000| Complete |  0
| 229|0x0000000780600000, 0x0000000780800000, 0x0000000780800000|100%| O|  |TAMS 0x0000000780600000| PB 0x0000000780600000| Untracked |  0
| 230|0x0000000780800000, 0x0000000780800000, 0x0000000780a00000|  0%| F|  |TAMS 0x0000000780800000| PB 0x0000000780800000| Untracked |  0
| 231|0x0000000780a00000, 0x0000000780a00000, 0x0000000780c00000|  0%| F|  |TAMS 0x0000000780a00000| PB 0x0000000780a00000| Untracked |  0
| 232|0x0000000780c00000, 0x0000000780e00000, 0x0000000780e00000|100%| O|Cm|TAMS 0x0000000780c00000| PB 0x0000000780c00000| Complete |  0
| 233|0x0000000780e00000, 0x0000000781000000, 0x0000000781000000|100%| O|Cm|TAMS 0x0000000780e00000| PB 0x0000000780e00000| Complete |  0
| 234|0x0000000781000000, 0x0000000781000000, 0x0000000781200000|  0%| F|  |TAMS 0x0000000781000000| PB 0x0000000781000000| Untracked |  0
| 235|0x0000000781200000, 0x0000000781200000, 0x0000000781400000|  0%| F|  |TAMS 0x0000000781200000| PB 0x0000000781200000| Untracked |  0
| 236|0x0000000781400000, 0x0000000781400000, 0x0000000781600000|  0%| F|  |TAMS 0x0000000781400000| PB 0x0000000781400000| Untracked |  0
| 237|0x0000000781600000, 0x0000000781600000, 0x0000000781800000|  0%| F|  |TAMS 0x0000000781600000| PB 0x0000000781600000| Untracked |  0
| 238|0x0000000781800000, 0x0000000781800000, 0x0000000781a00000|  0%| F|  |TAMS 0x0000000781800000| PB 0x0000000781800000| Untracked |  0
| 239|0x0000000781a00000, 0x0000000781a00000, 0x0000000781c00000|  0%| F|  |TAMS 0x0000000781a00000| PB 0x0000000781a00000| Untracked |  0
| 240|0x0000000781c00000, 0x0000000781c00000, 0x0000000781e00000|  0%| F|  |TAMS 0x0000000781c00000| PB 0x0000000781c00000| Untracked |  0
| 241|0x0000000781e00000, 0x0000000781e00000, 0x0000000782000000|  0%| F|  |TAMS 0x0000000781e00000| PB 0x0000000781e00000| Untracked |  0
| 242|0x0000000782000000, 0x0000000782000000, 0x0000000782200000|  0%| F|  |TAMS 0x0000000782000000| PB 0x0000000782000000| Untracked |  0
| 243|0x0000000782200000, 0x0000000782200000, 0x0000000782400000|  0%| F|  |TAMS 0x0000000782200000| PB 0x0000000782200000| Untracked |  0
| 244|0x0000000782400000, 0x0000000782400000, 0x0000000782600000|  0%| F|  |TAMS 0x0000000782400000| PB 0x0000000782400000| Untracked |  0
| 245|0x0000000782600000, 0x0000000782600000, 0x0000000782800000|  0%| F|  |TAMS 0x0000000782600000| PB 0x0000000782600000| Untracked |  0
| 246|0x0000000782800000, 0x0000000782800000, 0x0000000782a00000|  0%| F|  |TAMS 0x0000000782800000| PB 0x0000000782800000| Untracked |  0
| 247|0x0000000782a00000, 0x0000000782a00000, 0x0000000782c00000|  0%| F|  |TAMS 0x0000000782a00000| PB 0x0000000782a00000| Untracked |  0
| 248|0x0000000782c00000, 0x0000000782c00000, 0x0000000782e00000|  0%| F|  |TAMS 0x0000000782c00000| PB 0x0000000782c00000| Untracked |  0
| 249|0x0000000782e00000, 0x0000000782e00000, 0x0000000783000000|  0%| F|  |TAMS 0x0000000782e00000| PB 0x0000000782e00000| Untracked |  0
| 250|0x0000000783000000, 0x0000000783000000, 0x0000000783200000|  0%| F|  |TAMS 0x0000000783000000| PB 0x0000000783000000| Untracked |  0
| 251|0x0000000783200000, 0x0000000783400000, 0x0000000783400000|100%| O|Cm|TAMS 0x0000000783200000| PB 0x0000000783200000| Complete |  0
| 252|0x0000000783400000, 0x0000000783600000, 0x0000000783600000|100%| O|Cm|TAMS 0x0000000783400000| PB 0x0000000783400000| Complete |  0
| 253|0x0000000783600000, 0x0000000783800000, 0x0000000783800000|100%| O|Cm|TAMS 0x0000000783600000| PB 0x0000000783600000| Complete |  0
| 254|0x0000000783800000, 0x0000000783800000, 0x0000000783a00000|  0%| F|  |TAMS 0x0000000783800000| PB 0x0000000783800000| Untracked |  0
| 255|0x0000000783a00000, 0x0000000783c00000, 0x0000000783c00000|100%| O|Cm|TAMS 0x0000000783a00000| PB 0x0000000783a00000| Complete |  0
| 256|0x0000000783c00000, 0x0000000783c00000, 0x0000000783e00000|  0%| F|  |TAMS 0x0000000783c00000| PB 0x0000000783c00000| Untracked |  0
| 257|0x0000000783e00000, 0x0000000783e00000, 0x0000000784000000|  0%| F|  |TAMS 0x0000000783e00000| PB 0x0000000783e00000| Untracked |  0
| 258|0x0000000784000000, 0x0000000784000000, 0x0000000784200000|  0%| F|  |TAMS 0x0000000784000000| PB 0x0000000784000000| Untracked |  0
| 259|0x0000000784200000, 0x0000000784200000, 0x0000000784400000|  0%| F|  |TAMS 0x0000000784200000| PB 0x0000000784200000| Untracked |  0
| 260|0x0000000784400000, 0x0000000784400000, 0x0000000784600000|  0%| F|  |TAMS 0x0000000784400000| PB 0x0000000784400000| Untracked |  0
| 261|0x0000000784600000, 0x0000000784600000, 0x0000000784800000|  0%| F|  |TAMS 0x0000000784600000| PB 0x0000000784600000| Untracked |  0
| 262|0x0000000784800000, 0x0000000784800000, 0x0000000784a00000|  0%| F|  |TAMS 0x0000000784800000| PB 0x0000000784800000| Untracked |  0
| 263|0x0000000784a00000, 0x0000000784a00000, 0x0000000784c00000|  0%| F|  |TAMS 0x0000000784a00000| PB 0x0000000784a00000| Untracked |  0
| 264|0x0000000784c00000, 0x0000000784c00000, 0x0000000784e00000|  0%| F|  |TAMS 0x0000000784c00000| PB 0x0000000784c00000| Untracked |  0
| 265|0x0000000784e00000, 0x0000000784e00000, 0x0000000785000000|  0%| F|  |TAMS 0x0000000784e00000| PB 0x0000000784e00000| Untracked |  0
| 266|0x0000000785000000, 0x0000000785000000, 0x0000000785200000|  0%| F|  |TAMS 0x0000000785000000| PB 0x0000000785000000| Untracked |  0
| 267|0x0000000785200000, 0x0000000785200000, 0x0000000785400000|  0%| F|  |TAMS 0x0000000785200000| PB 0x0000000785200000| Untracked |  0
| 268|0x0000000785400000, 0x0000000785400000, 0x0000000785600000|  0%| F|  |TAMS 0x0000000785400000| PB 0x0000000785400000| Untracked |  0
| 269|0x0000000785600000, 0x0000000785600000, 0x0000000785800000|  0%| F|  |TAMS 0x0000000785600000| PB 0x0000000785600000| Untracked |  0
| 270|0x0000000785800000, 0x0000000785800000, 0x0000000785a00000|  0%| F|  |TAMS 0x0000000785800000| PB 0x0000000785800000| Untracked |  0
| 271|0x0000000785a00000, 0x0000000785a00000, 0x0000000785c00000|  0%| F|  |TAMS 0x0000000785a00000| PB 0x0000000785a00000| Untracked |  0
| 272|0x0000000785c00000, 0x0000000785c00000, 0x0000000785e00000|  0%| F|  |TAMS 0x0000000785c00000| PB 0x0000000785c00000| Untracked |  0
| 273|0x0000000785e00000, 0x0000000786000000, 0x0000000786000000|100%| O|  |TAMS 0x0000000785e00000| PB 0x0000000785e00000| Untracked |  0
| 274|0x0000000786000000, 0x0000000786200000, 0x0000000786200000|100%| O|  |TAMS 0x0000000786000000| PB 0x0000000786000000| Untracked |  0
| 275|0x0000000786200000, 0x0000000786200000, 0x0000000786400000|  0%| F|  |TAMS 0x0000000786200000| PB 0x0000000786200000| Untracked |  0
| 276|0x0000000786400000, 0x0000000786600000, 0x0000000786600000|100%| O|  |TAMS 0x0000000786400000| PB 0x0000000786400000| Untracked |  0
| 277|0x0000000786600000, 0x0000000786600000, 0x0000000786800000|  0%| F|  |TAMS 0x0000000786600000| PB 0x0000000786600000| Untracked |  0
| 278|0x0000000786800000, 0x0000000786800000, 0x0000000786a00000|  0%| F|  |TAMS 0x0000000786800000| PB 0x0000000786800000| Untracked |  0
| 279|0x0000000786a00000, 0x0000000786a00000, 0x0000000786c00000|  0%| F|  |TAMS 0x0000000786a00000| PB 0x0000000786a00000| Untracked |  0
| 280|0x0000000786c00000, 0x0000000786c00000, 0x0000000786e00000|  0%| F|  |TAMS 0x0000000786c00000| PB 0x0000000786c00000| Untracked |  0
| 281|0x0000000786e00000, 0x0000000786e00000, 0x0000000787000000|  0%| F|  |TAMS 0x0000000786e00000| PB 0x0000000786e00000| Untracked |  0
| 282|0x0000000787000000, 0x0000000787000000, 0x0000000787200000|  0%| F|  |TAMS 0x0000000787000000| PB 0x0000000787000000| Untracked |  0
| 283|0x0000000787200000, 0x0000000787200000, 0x0000000787400000|  0%| F|  |TAMS 0x0000000787200000| PB 0x0000000787200000| Untracked |  0
| 284|0x0000000787400000, 0x0000000787400000, 0x0000000787600000|  0%| F|  |TAMS 0x0000000787400000| PB 0x0000000787400000| Untracked |  0
| 285|0x0000000787600000, 0x0000000787600000, 0x0000000787800000|  0%| F|  |TAMS 0x0000000787600000| PB 0x0000000787600000| Untracked |  0
| 286|0x0000000787800000, 0x0000000787800000, 0x0000000787a00000|  0%| F|  |TAMS 0x0000000787800000| PB 0x0000000787800000| Untracked |  0
| 287|0x0000000787a00000, 0x0000000787c00000, 0x0000000787c00000|100%| O|  |TAMS 0x0000000787a00000| PB 0x0000000787a00000| Untracked |  0
| 288|0x0000000787c00000, 0x0000000787c00000, 0x0000000787e00000|  0%| F|  |TAMS 0x0000000787c00000| PB 0x0000000787c00000| Untracked |  0
| 289|0x0000000787e00000, 0x0000000788000000, 0x0000000788000000|100%| O|  |TAMS 0x0000000787e00000| PB 0x0000000787e00000| Untracked |  0
| 290|0x0000000788000000, 0x0000000788000000, 0x0000000788200000|  0%| F|  |TAMS 0x0000000788000000| PB 0x0000000788000000| Untracked |  0
| 291|0x0000000788200000, 0x0000000788200000, 0x0000000788400000|  0%| F|  |TAMS 0x0000000788200000| PB 0x0000000788200000| Untracked |  0
| 292|0x0000000788400000, 0x0000000788400000, 0x0000000788600000|  0%| F|  |TAMS 0x0000000788400000| PB 0x0000000788400000| Untracked |  0
| 293|0x0000000788600000, 0x0000000788600000, 0x0000000788800000|  0%| F|  |TAMS 0x0000000788600000| PB 0x0000000788600000| Untracked |  0
| 294|0x0000000788800000, 0x0000000788800000, 0x0000000788a00000|  0%| F|  |TAMS 0x0000000788800000| PB 0x0000000788800000| Untracked |  0
| 295|0x0000000788a00000, 0x0000000788a00000, 0x0000000788c00000|  0%| F|  |TAMS 0x0000000788a00000| PB 0x0000000788a00000| Untracked |  0
| 296|0x0000000788c00000, 0x0000000788c00000, 0x0000000788e00000|  0%| F|  |TAMS 0x0000000788c00000| PB 0x0000000788c00000| Untracked |  0
| 297|0x0000000788e00000, 0x0000000789000000, 0x0000000789000000|100%| O|Cm|TAMS 0x0000000788e00000| PB 0x0000000788e00000| Complete |  0
| 298|0x0000000789000000, 0x0000000789200000, 0x0000000789200000|100%| O|  |TAMS 0x0000000789000000| PB 0x0000000789000000| Untracked |  0
| 299|0x0000000789200000, 0x0000000789400000, 0x0000000789400000|100%| O|  |TAMS 0x0000000789200000| PB 0x0000000789200000| Untracked |  0
| 300|0x0000000789400000, 0x0000000789600000, 0x0000000789600000|100%| O|  |TAMS 0x0000000789400000| PB 0x0000000789400000| Untracked |  0
| 301|0x0000000789600000, 0x0000000789600000, 0x0000000789800000|  0%| F|  |TAMS 0x0000000789600000| PB 0x0000000789600000| Untracked |  0
| 302|0x0000000789800000, 0x0000000789800000, 0x0000000789a00000|  0%| F|  |TAMS 0x0000000789800000| PB 0x0000000789800000| Untracked |  0
| 303|0x0000000789a00000, 0x0000000789a00000, 0x0000000789c00000|  0%| F|  |TAMS 0x0000000789a00000| PB 0x0000000789a00000| Untracked |  0
| 304|0x0000000789c00000, 0x0000000789c00000, 0x0000000789e00000|  0%| F|  |TAMS 0x0000000789c00000| PB 0x0000000789c00000| Untracked |  0
| 305|0x0000000789e00000, 0x0000000789e00000, 0x000000078a000000|  0%| F|  |TAMS 0x0000000789e00000| PB 0x0000000789e00000| Untracked |  0
| 306|0x000000078a000000, 0x000000078a000000, 0x000000078a200000|  0%| F|  |TAMS 0x000000078a000000| PB 0x000000078a000000| Untracked |  0
| 307|0x000000078a200000, 0x000000078a200000, 0x000000078a400000|  0%| F|  |TAMS 0x000000078a200000| PB 0x000000078a200000| Untracked |  0
| 308|0x000000078a400000, 0x000000078a600000, 0x000000078a600000|100%| O|  |TAMS 0x000000078a400000| PB 0x000000078a400000| Untracked |  0
| 309|0x000000078a600000, 0x000000078a600000, 0x000000078a800000|  0%| F|  |TAMS 0x000000078a600000| PB 0x000000078a600000| Untracked |  0
| 310|0x000000078a800000, 0x000000078aa00000, 0x000000078aa00000|100%| O|  |TAMS 0x000000078a800000| PB 0x000000078a800000| Untracked |  0
| 311|0x000000078aa00000, 0x000000078aa00000, 0x000000078ac00000|  0%| F|  |TAMS 0x000000078aa00000| PB 0x000000078aa00000| Untracked |  0
| 312|0x000000078ac00000, 0x000000078ac00000, 0x000000078ae00000|  0%| F|  |TAMS 0x000000078ac00000| PB 0x000000078ac00000| Untracked |  0
| 313|0x000000078ae00000, 0x000000078ae00000, 0x000000078b000000|  0%| F|  |TAMS 0x000000078ae00000| PB 0x000000078ae00000| Untracked |  0
| 314|0x000000078b000000, 0x000000078b000000, 0x000000078b200000|  0%| F|  |TAMS 0x000000078b000000| PB 0x000000078b000000| Untracked |  0
| 315|0x000000078b200000, 0x000000078b200000, 0x000000078b400000|  0%| F|  |TAMS 0x000000078b200000| PB 0x000000078b200000| Untracked |  0
| 316|0x000000078b400000, 0x000000078b400000, 0x000000078b600000|  0%| F|  |TAMS 0x000000078b400000| PB 0x000000078b400000| Untracked |  0
| 317|0x000000078b600000, 0x000000078b600000, 0x000000078b800000|  0%| F|  |TAMS 0x000000078b600000| PB 0x000000078b600000| Untracked |  0
| 318|0x000000078b800000, 0x000000078b800000, 0x000000078ba00000|  0%| F|  |TAMS 0x000000078b800000| PB 0x000000078b800000| Untracked |  0
| 319|0x000000078ba00000, 0x000000078ba00000, 0x000000078bc00000|  0%| F|  |TAMS 0x000000078ba00000| PB 0x000000078ba00000| Untracked |  0
| 320|0x000000078bc00000, 0x000000078bc00000, 0x000000078be00000|  0%| F|  |TAMS 0x000000078bc00000| PB 0x000000078bc00000| Untracked |  0
| 321|0x000000078be00000, 0x000000078be00000, 0x000000078c000000|  0%| F|  |TAMS 0x000000078be00000| PB 0x000000078be00000| Untracked |  0
| 322|0x000000078c000000, 0x000000078c000000, 0x000000078c200000|  0%| F|  |TAMS 0x000000078c000000| PB 0x000000078c000000| Untracked |  0
| 323|0x000000078c200000, 0x000000078c200000, 0x000000078c400000|  0%| F|  |TAMS 0x000000078c200000| PB 0x000000078c200000| Untracked |  0
| 324|0x000000078c400000, 0x000000078c400000, 0x000000078c600000|  0%| F|  |TAMS 0x000000078c400000| PB 0x000000078c400000| Untracked |  0
| 325|0x000000078c600000, 0x000000078c600000, 0x000000078c800000|  0%| F|  |TAMS 0x000000078c600000| PB 0x000000078c600000| Untracked |  0
| 326|0x000000078c800000, 0x000000078c800000, 0x000000078ca00000|  0%| F|  |TAMS 0x000000078c800000| PB 0x000000078c800000| Untracked |  0
| 327|0x000000078ca00000, 0x000000078ca00000, 0x000000078cc00000|  0%| F|  |TAMS 0x000000078ca00000| PB 0x000000078ca00000| Untracked |  0
| 328|0x000000078cc00000, 0x000000078cc00000, 0x000000078ce00000|  0%| F|  |TAMS 0x000000078cc00000| PB 0x000000078cc00000| Untracked |  0
| 329|0x000000078ce00000, 0x000000078ce00000, 0x000000078d000000|  0%| F|  |TAMS 0x000000078ce00000| PB 0x000000078ce00000| Untracked |  0
| 330|0x000000078d000000, 0x000000078d000000, 0x000000078d200000|  0%| F|  |TAMS 0x000000078d000000| PB 0x000000078d000000| Untracked |  0
| 331|0x000000078d200000, 0x000000078d200000, 0x000000078d400000|  0%| F|  |TAMS 0x000000078d200000| PB 0x000000078d200000| Untracked |  0
| 332|0x000000078d400000, 0x000000078d400000, 0x000000078d600000|  0%| F|  |TAMS 0x000000078d400000| PB 0x000000078d400000| Untracked |  0
| 333|0x000000078d600000, 0x000000078d600000, 0x000000078d800000|  0%| F|  |TAMS 0x000000078d600000| PB 0x000000078d600000| Untracked |  0
| 334|0x000000078d800000, 0x000000078d800000, 0x000000078da00000|  0%| F|  |TAMS 0x000000078d800000| PB 0x000000078d800000| Untracked |  0
| 335|0x000000078da00000, 0x000000078da00000, 0x000000078dc00000|  0%| F|  |TAMS 0x000000078da00000| PB 0x000000078da00000| Untracked |  0
| 336|0x000000078dc00000, 0x000000078dc00000, 0x000000078de00000|  0%| F|  |TAMS 0x000000078dc00000| PB 0x000000078dc00000| Untracked |  0
| 337|0x000000078de00000, 0x000000078de00000, 0x000000078e000000|  0%| F|  |TAMS 0x000000078de00000| PB 0x000000078de00000| Untracked |  0
| 338|0x000000078e000000, 0x000000078e000000, 0x000000078e200000|  0%| F|  |TAMS 0x000000078e000000| PB 0x000000078e000000| Untracked |  0
| 339|0x000000078e200000, 0x000000078e200000, 0x000000078e400000|  0%| F|  |TAMS 0x000000078e200000| PB 0x000000078e200000| Untracked |  0
| 340|0x000000078e400000, 0x000000078e400000, 0x000000078e600000|  0%| F|  |TAMS 0x000000078e400000| PB 0x000000078e400000| Untracked |  0
| 341|0x000000078e600000, 0x000000078e600000, 0x000000078e800000|  0%| F|  |TAMS 0x000000078e600000| PB 0x000000078e600000| Untracked |  0
| 342|0x000000078e800000, 0x000000078e800000, 0x000000078ea00000|  0%| F|  |TAMS 0x000000078e800000| PB 0x000000078e800000| Untracked |  0
| 343|0x000000078ea00000, 0x000000078ea00000, 0x000000078ec00000|  0%| F|  |TAMS 0x000000078ea00000| PB 0x000000078ea00000| Untracked |  0
| 344|0x000000078ec00000, 0x000000078ec00000, 0x000000078ee00000|  0%| F|  |TAMS 0x000000078ec00000| PB 0x000000078ec00000| Untracked |  0
| 345|0x000000078ee00000, 0x000000078ee00000, 0x000000078f000000|  0%| F|  |TAMS 0x000000078ee00000| PB 0x000000078ee00000| Untracked |  0
| 346|0x000000078f000000, 0x000000078f000000, 0x000000078f200000|  0%| F|  |TAMS 0x000000078f000000| PB 0x000000078f000000| Untracked |  0
| 347|0x000000078f200000, 0x000000078f200000, 0x000000078f400000|  0%| F|  |TAMS 0x000000078f200000| PB 0x000000078f200000| Untracked |  0
| 348|0x000000078f400000, 0x000000078f400000, 0x000000078f600000|  0%| F|  |TAMS 0x000000078f400000| PB 0x000000078f400000| Untracked |  0
| 349|0x000000078f600000, 0x000000078f600000, 0x000000078f800000|  0%| F|  |TAMS 0x000000078f600000| PB 0x000000078f600000| Untracked |  0
| 350|0x000000078f800000, 0x000000078f800000, 0x000000078fa00000|  0%| F|  |TAMS 0x000000078f800000| PB 0x000000078f800000| Untracked |  0
| 351|0x000000078fa00000, 0x000000078fa00000, 0x000000078fc00000|  0%| F|  |TAMS 0x000000078fa00000| PB 0x000000078fa00000| Untracked |  0
| 352|0x000000078fc00000, 0x000000078fc00000, 0x000000078fe00000|  0%| F|  |TAMS 0x000000078fc00000| PB 0x000000078fc00000| Untracked |  0
| 353|0x000000078fe00000, 0x000000078fe00000, 0x0000000790000000|  0%| F|  |TAMS 0x000000078fe00000| PB 0x000000078fe00000| Untracked |  0
| 354|0x0000000790000000, 0x0000000790000000, 0x0000000790200000|  0%| F|  |TAMS 0x0000000790000000| PB 0x0000000790000000| Untracked |  0
| 355|0x0000000790200000, 0x0000000790200000, 0x0000000790400000|  0%| F|  |TAMS 0x0000000790200000| PB 0x0000000790200000| Untracked |  0
| 356|0x0000000790400000, 0x0000000790400000, 0x0000000790600000|  0%| F|  |TAMS 0x0000000790400000| PB 0x0000000790400000| Untracked |  0
| 357|0x0000000790600000, 0x0000000790600000, 0x0000000790800000|  0%| F|  |TAMS 0x0000000790600000| PB 0x0000000790600000| Untracked |  0
| 358|0x0000000790800000, 0x0000000790800000, 0x0000000790a00000|  0%| F|  |TAMS 0x0000000790800000| PB 0x0000000790800000| Untracked |  0
| 359|0x0000000790a00000, 0x0000000790a00000, 0x0000000790c00000|  0%| F|  |TAMS 0x0000000790a00000| PB 0x0000000790a00000| Untracked |  0
| 360|0x0000000790c00000, 0x0000000790c00000, 0x0000000790e00000|  0%| F|  |TAMS 0x0000000790c00000| PB 0x0000000790c00000| Untracked |  0
| 361|0x0000000790e00000, 0x0000000790e00000, 0x0000000791000000|  0%| F|  |TAMS 0x0000000790e00000| PB 0x0000000790e00000| Untracked |  0
| 362|0x0000000791000000, 0x0000000791000000, 0x0000000791200000|  0%| F|  |TAMS 0x0000000791000000| PB 0x0000000791000000| Untracked |  0
| 363|0x0000000791200000, 0x0000000791200000, 0x0000000791400000|  0%| F|  |TAMS 0x0000000791200000| PB 0x0000000791200000| Untracked |  0
| 364|0x0000000791400000, 0x0000000791400000, 0x0000000791600000|  0%| F|  |TAMS 0x0000000791400000| PB 0x0000000791400000| Untracked |  0
| 365|0x0000000791600000, 0x0000000791600000, 0x0000000791800000|  0%| F|  |TAMS 0x0000000791600000| PB 0x0000000791600000| Untracked |  0
| 366|0x0000000791800000, 0x0000000791800000, 0x0000000791a00000|  0%| F|  |TAMS 0x0000000791800000| PB 0x0000000791800000| Untracked |  0
| 367|0x0000000791a00000, 0x0000000791a00000, 0x0000000791c00000|  0%| F|  |TAMS 0x0000000791a00000| PB 0x0000000791a00000| Untracked |  0
| 368|0x0000000791c00000, 0x0000000791c00000, 0x0000000791e00000|  0%| F|  |TAMS 0x0000000791c00000| PB 0x0000000791c00000| Untracked |  0
| 369|0x0000000791e00000, 0x0000000791e00000, 0x0000000792000000|  0%| F|  |TAMS 0x0000000791e00000| PB 0x0000000791e00000| Untracked |  0
| 370|0x0000000792000000, 0x0000000792000000, 0x0000000792200000|  0%| F|  |TAMS 0x0000000792000000| PB 0x0000000792000000| Untracked |  0
| 371|0x0000000792200000, 0x0000000792200000, 0x0000000792400000|  0%| F|  |TAMS 0x0000000792200000| PB 0x0000000792200000| Untracked |  0
| 372|0x0000000792400000, 0x0000000792400000, 0x0000000792600000|  0%| F|  |TAMS 0x0000000792400000| PB 0x0000000792400000| Untracked |  0
| 373|0x0000000792600000, 0x0000000792600000, 0x0000000792800000|  0%| F|  |TAMS 0x0000000792600000| PB 0x0000000792600000| Untracked |  0
| 374|0x0000000792800000, 0x0000000792800000, 0x0000000792a00000|  0%| F|  |TAMS 0x0000000792800000| PB 0x0000000792800000| Untracked |  0
| 375|0x0000000792a00000, 0x0000000792a00000, 0x0000000792c00000|  0%| F|  |TAMS 0x0000000792a00000| PB 0x0000000792a00000| Untracked |  0
| 376|0x0000000792c00000, 0x0000000792c00000, 0x0000000792e00000|  0%| F|  |TAMS 0x0000000792c00000| PB 0x0000000792c00000| Untracked |  0
| 377|0x0000000792e00000, 0x0000000792e00000, 0x0000000793000000|  0%| F|  |TAMS 0x0000000792e00000| PB 0x0000000792e00000| Untracked |  0
| 378|0x0000000793000000, 0x0000000793000000, 0x0000000793200000|  0%| F|  |TAMS 0x0000000793000000| PB 0x0000000793000000| Untracked |  0
| 379|0x0000000793200000, 0x0000000793200000, 0x0000000793400000|  0%| F|  |TAMS 0x0000000793200000| PB 0x0000000793200000| Untracked |  0
| 380|0x0000000793400000, 0x0000000793400000, 0x0000000793600000|  0%| F|  |TAMS 0x0000000793400000| PB 0x0000000793400000| Untracked |  0
| 381|0x0000000793600000, 0x0000000793600000, 0x0000000793800000|  0%| F|  |TAMS 0x0000000793600000| PB 0x0000000793600000| Untracked |  0
| 382|0x0000000793800000, 0x0000000793800000, 0x0000000793a00000|  0%| F|  |TAMS 0x0000000793800000| PB 0x0000000793800000| Untracked |  0
| 383|0x0000000793a00000, 0x0000000793a00000, 0x0000000793c00000|  0%| F|  |TAMS 0x0000000793a00000| PB 0x0000000793a00000| Untracked |  0
| 384|0x0000000793c00000, 0x0000000793c00000, 0x0000000793e00000|  0%| F|  |TAMS 0x0000000793c00000| PB 0x0000000793c00000| Untracked |  0
| 385|0x0000000793e00000, 0x0000000793e00000, 0x0000000794000000|  0%| F|  |TAMS 0x0000000793e00000| PB 0x0000000793e00000| Untracked |  0
| 386|0x0000000794000000, 0x0000000794000000, 0x0000000794200000|  0%| F|  |TAMS 0x0000000794000000| PB 0x0000000794000000| Untracked |  0
| 387|0x0000000794200000, 0x0000000794200000, 0x0000000794400000|  0%| F|  |TAMS 0x0000000794200000| PB 0x0000000794200000| Untracked |  0
| 388|0x0000000794400000, 0x0000000794400000, 0x0000000794600000|  0%| F|  |TAMS 0x0000000794400000| PB 0x0000000794400000| Untracked |  0
| 389|0x0000000794600000, 0x0000000794600000, 0x0000000794800000|  0%| F|  |TAMS 0x0000000794600000| PB 0x0000000794600000| Untracked |  0
| 390|0x0000000794800000, 0x0000000794800000, 0x0000000794a00000|  0%| F|  |TAMS 0x0000000794800000| PB 0x0000000794800000| Untracked |  0
| 391|0x0000000794a00000, 0x0000000794a00000, 0x0000000794c00000|  0%| F|  |TAMS 0x0000000794a00000| PB 0x0000000794a00000| Untracked |  0
| 392|0x0000000794c00000, 0x0000000794c00000, 0x0000000794e00000|  0%| F|  |TAMS 0x0000000794c00000| PB 0x0000000794c00000| Untracked |  0
| 393|0x0000000794e00000, 0x0000000794e00000, 0x0000000795000000|  0%| F|  |TAMS 0x0000000794e00000| PB 0x0000000794e00000| Untracked |  0
| 394|0x0000000795000000, 0x0000000795000000, 0x0000000795200000|  0%| F|  |TAMS 0x0000000795000000| PB 0x0000000795000000| Untracked |  0
| 395|0x0000000795200000, 0x0000000795200000, 0x0000000795400000|  0%| F|  |TAMS 0x0000000795200000| PB 0x0000000795200000| Untracked |  0
| 396|0x0000000795400000, 0x0000000795400000, 0x0000000795600000|  0%| F|  |TAMS 0x0000000795400000| PB 0x0000000795400000| Untracked |  0
| 397|0x0000000795600000, 0x0000000795600000, 0x0000000795800000|  0%| F|  |TAMS 0x0000000795600000| PB 0x0000000795600000| Untracked |  0
| 398|0x0000000795800000, 0x0000000795800000, 0x0000000795a00000|  0%| F|  |TAMS 0x0000000795800000| PB 0x0000000795800000| Untracked |  0
| 399|0x0000000795a00000, 0x0000000795a00000, 0x0000000795c00000|  0%| F|  |TAMS 0x0000000795a00000| PB 0x0000000795a00000| Untracked |  0
| 400|0x0000000795c00000, 0x0000000795c00000, 0x0000000795e00000|  0%| F|  |TAMS 0x0000000795c00000| PB 0x0000000795c00000| Untracked |  0
| 401|0x0000000795e00000, 0x0000000795e00000, 0x0000000796000000|  0%| F|  |TAMS 0x0000000795e00000| PB 0x0000000795e00000| Untracked |  0
| 402|0x0000000796000000, 0x0000000796000000, 0x0000000796200000|  0%| F|  |TAMS 0x0000000796000000| PB 0x0000000796000000| Untracked |  0
| 403|0x0000000796200000, 0x0000000796200000, 0x0000000796400000|  0%| F|  |TAMS 0x0000000796200000| PB 0x0000000796200000| Untracked |  0
| 404|0x0000000796400000, 0x0000000796400000, 0x0000000796600000|  0%| F|  |TAMS 0x0000000796400000| PB 0x0000000796400000| Untracked |  0
| 405|0x0000000796600000, 0x0000000796600000, 0x0000000796800000|  0%| F|  |TAMS 0x0000000796600000| PB 0x0000000796600000| Untracked |  0
| 406|0x0000000796800000, 0x0000000796800000, 0x0000000796a00000|  0%| F|  |TAMS 0x0000000796800000| PB 0x0000000796800000| Untracked |  0
| 407|0x0000000796a00000, 0x0000000796a00000, 0x0000000796c00000|  0%| F|  |TAMS 0x0000000796a00000| PB 0x0000000796a00000| Untracked |  0
| 408|0x0000000796c00000, 0x0000000796c00000, 0x0000000796e00000|  0%| F|  |TAMS 0x0000000796c00000| PB 0x0000000796c00000| Untracked |  0
| 409|0x0000000796e00000, 0x0000000796e00000, 0x0000000797000000|  0%| F|  |TAMS 0x0000000796e00000| PB 0x0000000796e00000| Untracked |  0
| 410|0x0000000797000000, 0x0000000797000000, 0x0000000797200000|  0%| F|  |TAMS 0x0000000797000000| PB 0x0000000797000000| Untracked |  0
| 411|0x0000000797200000, 0x0000000797200000, 0x0000000797400000|  0%| F|  |TAMS 0x0000000797200000| PB 0x0000000797200000| Untracked |  0
| 412|0x0000000797400000, 0x0000000797400000, 0x0000000797600000|  0%| F|  |TAMS 0x0000000797400000| PB 0x0000000797400000| Untracked |  0
| 413|0x0000000797600000, 0x0000000797600000, 0x0000000797800000|  0%| F|  |TAMS 0x0000000797600000| PB 0x0000000797600000| Untracked |  0
| 414|0x0000000797800000, 0x0000000797800000, 0x0000000797a00000|  0%| F|  |TAMS 0x0000000797800000| PB 0x0000000797800000| Untracked |  0
| 415|0x0000000797a00000, 0x0000000797a00000, 0x0000000797c00000|  0%| F|  |TAMS 0x0000000797a00000| PB 0x0000000797a00000| Untracked |  0
| 416|0x0000000797c00000, 0x0000000797c00000, 0x0000000797e00000|  0%| F|  |TAMS 0x0000000797c00000| PB 0x0000000797c00000| Untracked |  0
| 417|0x0000000797e00000, 0x0000000797e00000, 0x0000000798000000|  0%| F|  |TAMS 0x0000000797e00000| PB 0x0000000797e00000| Untracked |  0
| 418|0x0000000798000000, 0x0000000798000000, 0x0000000798200000|  0%| F|  |TAMS 0x0000000798000000| PB 0x0000000798000000| Untracked |  0
| 419|0x0000000798200000, 0x0000000798200000, 0x0000000798400000|  0%| F|  |TAMS 0x0000000798200000| PB 0x0000000798200000| Untracked |  0
| 420|0x0000000798400000, 0x0000000798400000, 0x0000000798600000|  0%| F|  |TAMS 0x0000000798400000| PB 0x0000000798400000| Untracked |  0
| 421|0x0000000798600000, 0x0000000798600000, 0x0000000798800000|  0%| F|  |TAMS 0x0000000798600000| PB 0x0000000798600000| Untracked |  0
| 422|0x0000000798800000, 0x0000000798800000, 0x0000000798a00000|  0%| F|  |TAMS 0x0000000798800000| PB 0x0000000798800000| Untracked |  0
| 423|0x0000000798a00000, 0x0000000798a00000, 0x0000000798c00000|  0%| F|  |TAMS 0x0000000798a00000| PB 0x0000000798a00000| Untracked |  0
| 424|0x0000000798c00000, 0x0000000798c00000, 0x0000000798e00000|  0%| F|  |TAMS 0x0000000798c00000| PB 0x0000000798c00000| Untracked |  0
| 425|0x0000000798e00000, 0x0000000798e00000, 0x0000000799000000|  0%| F|  |TAMS 0x0000000798e00000| PB 0x0000000798e00000| Untracked |  0
| 426|0x0000000799000000, 0x0000000799000000, 0x0000000799200000|  0%| F|  |TAMS 0x0000000799000000| PB 0x0000000799000000| Untracked |  0
| 427|0x0000000799200000, 0x0000000799200000, 0x0000000799400000|  0%| F|  |TAMS 0x0000000799200000| PB 0x0000000799200000| Untracked |  0
| 428|0x0000000799400000, 0x0000000799400000, 0x0000000799600000|  0%| F|  |TAMS 0x0000000799400000| PB 0x0000000799400000| Untracked |  0
| 429|0x0000000799600000, 0x0000000799600000, 0x0000000799800000|  0%| F|  |TAMS 0x0000000799600000| PB 0x0000000799600000| Untracked |  0
| 430|0x0000000799800000, 0x0000000799800000, 0x0000000799a00000|  0%| F|  |TAMS 0x0000000799800000| PB 0x0000000799800000| Untracked |  0
| 431|0x0000000799a00000, 0x0000000799a00000, 0x0000000799c00000|  0%| F|  |TAMS 0x0000000799a00000| PB 0x0000000799a00000| Untracked |  0
| 432|0x0000000799c00000, 0x0000000799c00000, 0x0000000799e00000|  0%| F|  |TAMS 0x0000000799c00000| PB 0x0000000799c00000| Untracked |  0
| 433|0x0000000799e00000, 0x0000000799e00000, 0x000000079a000000|  0%| F|  |TAMS 0x0000000799e00000| PB 0x0000000799e00000| Untracked |  0
| 434|0x000000079a000000, 0x000000079a000000, 0x000000079a200000|  0%| F|  |TAMS 0x000000079a000000| PB 0x000000079a000000| Untracked |  0
| 435|0x000000079a200000, 0x000000079a200000, 0x000000079a400000|  0%| F|  |TAMS 0x000000079a200000| PB 0x000000079a200000| Untracked |  0
| 436|0x000000079a400000, 0x000000079a400000, 0x000000079a600000|  0%| F|  |TAMS 0x000000079a400000| PB 0x000000079a400000| Untracked |  0
| 437|0x000000079a600000, 0x000000079a600000, 0x000000079a800000|  0%| F|  |TAMS 0x000000079a600000| PB 0x000000079a600000| Untracked |  0
| 438|0x000000079a800000, 0x000000079a800000, 0x000000079aa00000|  0%| F|  |TAMS 0x000000079a800000| PB 0x000000079a800000| Untracked |  0
| 439|0x000000079aa00000, 0x000000079aa00000, 0x000000079ac00000|  0%| F|  |TAMS 0x000000079aa00000| PB 0x000000079aa00000| Untracked |  0
| 440|0x000000079ac00000, 0x000000079ac00000, 0x000000079ae00000|  0%| F|  |TAMS 0x000000079ac00000| PB 0x000000079ac00000| Untracked |  0
| 441|0x000000079ae00000, 0x000000079ae00000, 0x000000079b000000|  0%| F|  |TAMS 0x000000079ae00000| PB 0x000000079ae00000| Untracked |  0
| 442|0x000000079b000000, 0x000000079b000000, 0x000000079b200000|  0%| F|  |TAMS 0x000000079b000000| PB 0x000000079b000000| Untracked |  0
| 443|0x000000079b200000, 0x000000079b200000, 0x000000079b400000|  0%| F|  |TAMS 0x000000079b200000| PB 0x000000079b200000| Untracked |  0
| 444|0x000000079b400000, 0x000000079b400000, 0x000000079b600000|  0%| F|  |TAMS 0x000000079b400000| PB 0x000000079b400000| Untracked |  0
| 445|0x000000079b600000, 0x000000079b600000, 0x000000079b800000|  0%| F|  |TAMS 0x000000079b600000| PB 0x000000079b600000| Untracked |  0
| 446|0x000000079b800000, 0x000000079b800000, 0x000000079ba00000|  0%| F|  |TAMS 0x000000079b800000| PB 0x000000079b800000| Untracked |  0
| 447|0x000000079ba00000, 0x000000079ba00000, 0x000000079bc00000|  0%| F|  |TAMS 0x000000079ba00000| PB 0x000000079ba00000| Untracked |  0
| 448|0x000000079bc00000, 0x000000079bc00000, 0x000000079be00000|  0%| F|  |TAMS 0x000000079bc00000| PB 0x000000079bc00000| Untracked |  0
| 449|0x000000079be00000, 0x000000079be00000, 0x000000079c000000|  0%| F|  |TAMS 0x000000079be00000| PB 0x000000079be00000| Untracked |  0
| 450|0x000000079c000000, 0x000000079c000000, 0x000000079c200000|  0%| F|  |TAMS 0x000000079c000000| PB 0x000000079c000000| Untracked |  0
| 451|0x000000079c200000, 0x000000079c200000, 0x000000079c400000|  0%| F|  |TAMS 0x000000079c200000| PB 0x000000079c200000| Untracked |  0
| 452|0x000000079c400000, 0x000000079c400000, 0x000000079c600000|  0%| F|  |TAMS 0x000000079c400000| PB 0x000000079c400000| Untracked |  0
| 453|0x000000079c600000, 0x000000079c600000, 0x000000079c800000|  0%| F|  |TAMS 0x000000079c600000| PB 0x000000079c600000| Untracked |  0
| 454|0x000000079c800000, 0x000000079c800000, 0x000000079ca00000|  0%| F|  |TAMS 0x000000079c800000| PB 0x000000079c800000| Untracked |  0
| 455|0x000000079ca00000, 0x000000079ca00000, 0x000000079cc00000|  0%| F|  |TAMS 0x000000079ca00000| PB 0x000000079ca00000| Untracked |  0
| 456|0x000000079cc00000, 0x000000079cc00000, 0x000000079ce00000|  0%| F|  |TAMS 0x000000079cc00000| PB 0x000000079cc00000| Untracked |  0
| 457|0x000000079ce00000, 0x000000079ce00000, 0x000000079d000000|  0%| F|  |TAMS 0x000000079ce00000| PB 0x000000079ce00000| Untracked |  0
| 458|0x000000079d000000, 0x000000079d000000, 0x000000079d200000|  0%| F|  |TAMS 0x000000079d000000| PB 0x000000079d000000| Untracked |  0
| 459|0x000000079d200000, 0x000000079d200000, 0x000000079d400000|  0%| F|  |TAMS 0x000000079d200000| PB 0x000000079d200000| Untracked |  0
| 460|0x000000079d400000, 0x000000079d400000, 0x000000079d600000|  0%| F|  |TAMS 0x000000079d400000| PB 0x000000079d400000| Untracked |  0
| 461|0x000000079d600000, 0x000000079d600000, 0x000000079d800000|  0%| F|  |TAMS 0x000000079d600000| PB 0x000000079d600000| Untracked |  0
| 462|0x000000079d800000, 0x000000079d800000, 0x000000079da00000|  0%| F|  |TAMS 0x000000079d800000| PB 0x000000079d800000| Untracked |  0
| 463|0x000000079da00000, 0x000000079da00000, 0x000000079dc00000|  0%| F|  |TAMS 0x000000079da00000| PB 0x000000079da00000| Untracked |  0
| 464|0x000000079dc00000, 0x000000079dc00000, 0x000000079de00000|  0%| F|  |TAMS 0x000000079dc00000| PB 0x000000079dc00000| Untracked |  0
| 465|0x000000079de00000, 0x000000079de00000, 0x000000079e000000|  0%| F|  |TAMS 0x000000079de00000| PB 0x000000079de00000| Untracked |  0
| 466|0x000000079e000000, 0x000000079e000000, 0x000000079e200000|  0%| F|  |TAMS 0x000000079e000000| PB 0x000000079e000000| Untracked |  0
| 467|0x000000079e200000, 0x000000079e200000, 0x000000079e400000|  0%| F|  |TAMS 0x000000079e200000| PB 0x000000079e200000| Untracked |  0
| 468|0x000000079e400000, 0x000000079e400000, 0x000000079e600000|  0%| F|  |TAMS 0x000000079e400000| PB 0x000000079e400000| Untracked |  0
| 469|0x000000079e600000, 0x000000079e600000, 0x000000079e800000|  0%| F|  |TAMS 0x000000079e600000| PB 0x000000079e600000| Untracked |  0
| 470|0x000000079e800000, 0x000000079e800000, 0x000000079ea00000|  0%| F|  |TAMS 0x000000079e800000| PB 0x000000079e800000| Untracked |  0
| 471|0x000000079ea00000, 0x000000079ea00000, 0x000000079ec00000|  0%| F|  |TAMS 0x000000079ea00000| PB 0x000000079ea00000| Untracked |  0
| 472|0x000000079ec00000, 0x000000079ec00000, 0x000000079ee00000|  0%| F|  |TAMS 0x000000079ec00000| PB 0x000000079ec00000| Untracked |  0
| 473|0x000000079ee00000, 0x000000079ee00000, 0x000000079f000000|  0%| F|  |TAMS 0x000000079ee00000| PB 0x000000079ee00000| Untracked |  0
| 474|0x000000079f000000, 0x000000079f000000, 0x000000079f200000|  0%| F|  |TAMS 0x000000079f000000| PB 0x000000079f000000| Untracked |  0
| 475|0x000000079f200000, 0x000000079f200000, 0x000000079f400000|  0%| F|  |TAMS 0x000000079f200000| PB 0x000000079f200000| Untracked |  0
| 476|0x000000079f400000, 0x000000079f400000, 0x000000079f600000|  0%| F|  |TAMS 0x000000079f400000| PB 0x000000079f400000| Untracked |  0
| 477|0x000000079f600000, 0x000000079f600000, 0x000000079f800000|  0%| F|  |TAMS 0x000000079f600000| PB 0x000000079f600000| Untracked |  0
| 478|0x000000079f800000, 0x000000079f800000, 0x000000079fa00000|  0%| F|  |TAMS 0x000000079f800000| PB 0x000000079f800000| Untracked |  0
| 479|0x000000079fa00000, 0x000000079fa00000, 0x000000079fc00000|  0%| F|  |TAMS 0x000000079fa00000| PB 0x000000079fa00000| Untracked |  0
| 480|0x000000079fc00000, 0x000000079fc00000, 0x000000079fe00000|  0%| F|  |TAMS 0x000000079fc00000| PB 0x000000079fc00000| Untracked |  0
| 481|0x000000079fe00000, 0x000000079fe00000, 0x00000007a0000000|  0%| F|  |TAMS 0x000000079fe00000| PB 0x000000079fe00000| Untracked |  0
| 482|0x00000007a0000000, 0x00000007a0000000, 0x00000007a0200000|  0%| F|  |TAMS 0x00000007a0000000| PB 0x00000007a0000000| Untracked |  0
| 483|0x00000007a0200000, 0x00000007a0200000, 0x00000007a0400000|  0%| F|  |TAMS 0x00000007a0200000| PB 0x00000007a0200000| Untracked |  0
| 484|0x00000007a0400000, 0x00000007a0400000, 0x00000007a0600000|  0%| F|  |TAMS 0x00000007a0400000| PB 0x00000007a0400000| Untracked |  0
| 485|0x00000007a0600000, 0x00000007a0600000, 0x00000007a0800000|  0%| F|  |TAMS 0x00000007a0600000| PB 0x00000007a0600000| Untracked |  0
| 486|0x00000007a0800000, 0x00000007a0800000, 0x00000007a0a00000|  0%| F|  |TAMS 0x00000007a0800000| PB 0x00000007a0800000| Untracked |  0
| 487|0x00000007a0a00000, 0x00000007a0a00000, 0x00000007a0c00000|  0%| F|  |TAMS 0x00000007a0a00000| PB 0x00000007a0a00000| Untracked |  0
| 488|0x00000007a0c00000, 0x00000007a0c00000, 0x00000007a0e00000|  0%| F|  |TAMS 0x00000007a0c00000| PB 0x00000007a0c00000| Untracked |  0
| 489|0x00000007a0e00000, 0x00000007a0e00000, 0x00000007a1000000|  0%| F|  |TAMS 0x00000007a0e00000| PB 0x00000007a0e00000| Untracked |  0
| 490|0x00000007a1000000, 0x00000007a1000000, 0x00000007a1200000|  0%| F|  |TAMS 0x00000007a1000000| PB 0x00000007a1000000| Untracked |  0
| 491|0x00000007a1200000, 0x00000007a1200000, 0x00000007a1400000|  0%| F|  |TAMS 0x00000007a1200000| PB 0x00000007a1200000| Untracked |  0
| 492|0x00000007a1400000, 0x00000007a1400000, 0x00000007a1600000|  0%| F|  |TAMS 0x00000007a1400000| PB 0x00000007a1400000| Untracked |  0
| 493|0x00000007a1600000, 0x00000007a1600000, 0x00000007a1800000|  0%| F|  |TAMS 0x00000007a1600000| PB 0x00000007a1600000| Untracked |  0
| 494|0x00000007a1800000, 0x00000007a1800000, 0x00000007a1a00000|  0%| F|  |TAMS 0x00000007a1800000| PB 0x00000007a1800000| Untracked |  0
| 495|0x00000007a1a00000, 0x00000007a1a00000, 0x00000007a1c00000|  0%| F|  |TAMS 0x00000007a1a00000| PB 0x00000007a1a00000| Untracked |  0
| 496|0x00000007a1c00000, 0x00000007a1c00000, 0x00000007a1e00000|  0%| F|  |TAMS 0x00000007a1c00000| PB 0x00000007a1c00000| Untracked |  0
| 497|0x00000007a1e00000, 0x00000007a1e00000, 0x00000007a2000000|  0%| F|  |TAMS 0x00000007a1e00000| PB 0x00000007a1e00000| Untracked |  0
| 498|0x00000007a2000000, 0x00000007a2000000, 0x00000007a2200000|  0%| F|  |TAMS 0x00000007a2000000| PB 0x00000007a2000000| Untracked |  0
| 499|0x00000007a2200000, 0x00000007a2200000, 0x00000007a2400000|  0%| F|  |TAMS 0x00000007a2200000| PB 0x00000007a2200000| Untracked |  0
| 500|0x00000007a2400000, 0x00000007a2400000, 0x00000007a2600000|  0%| F|  |TAMS 0x00000007a2400000| PB 0x00000007a2400000| Untracked |  0
| 501|0x00000007a2600000, 0x00000007a2600000, 0x00000007a2800000|  0%| F|  |TAMS 0x00000007a2600000| PB 0x00000007a2600000| Untracked |  0
| 502|0x00000007a2800000, 0x00000007a2800000, 0x00000007a2a00000|  0%| F|  |TAMS 0x00000007a2800000| PB 0x00000007a2800000| Untracked |  0
| 503|0x00000007a2a00000, 0x00000007a2a00000, 0x00000007a2c00000|  0%| F|  |TAMS 0x00000007a2a00000| PB 0x00000007a2a00000| Untracked |  0
| 504|0x00000007a2c00000, 0x00000007a2c00000, 0x00000007a2e00000|  0%| F|  |TAMS 0x00000007a2c00000| PB 0x00000007a2c00000| Untracked |  0
| 505|0x00000007a2e00000, 0x00000007a2e00000, 0x00000007a3000000|  0%| F|  |TAMS 0x00000007a2e00000| PB 0x00000007a2e00000| Untracked |  0
| 506|0x00000007a3000000, 0x00000007a3000000, 0x00000007a3200000|  0%| F|  |TAMS 0x00000007a3000000| PB 0x00000007a3000000| Untracked |  0
| 507|0x00000007a3200000, 0x00000007a3200000, 0x00000007a3400000|  0%| F|  |TAMS 0x00000007a3200000| PB 0x00000007a3200000| Untracked |  0
| 508|0x00000007a3400000, 0x00000007a3400000, 0x00000007a3600000|  0%| F|  |TAMS 0x00000007a3400000| PB 0x00000007a3400000| Untracked |  0
| 509|0x00000007a3600000, 0x00000007a3600000, 0x00000007a3800000|  0%| F|  |TAMS 0x00000007a3600000| PB 0x00000007a3600000| Untracked |  0
| 510|0x00000007a3800000, 0x00000007a3800000, 0x00000007a3a00000|  0%| F|  |TAMS 0x00000007a3800000| PB 0x00000007a3800000| Untracked |  0
| 511|0x00000007a3a00000, 0x00000007a3a00000, 0x00000007a3c00000|  0%| F|  |TAMS 0x00000007a3a00000| PB 0x00000007a3a00000| Untracked |  0
| 512|0x00000007a3c00000, 0x00000007a3c00000, 0x00000007a3e00000|  0%| F|  |TAMS 0x00000007a3c00000| PB 0x00000007a3c00000| Untracked |  0
| 513|0x00000007a3e00000, 0x00000007a3e00000, 0x00000007a4000000|  0%| F|  |TAMS 0x00000007a3e00000| PB 0x00000007a3e00000| Untracked |  0
| 514|0x00000007a4000000, 0x00000007a4000000, 0x00000007a4200000|  0%| F|  |TAMS 0x00000007a4000000| PB 0x00000007a4000000| Untracked |  0
| 515|0x00000007a4200000, 0x00000007a4200000, 0x00000007a4400000|  0%| F|  |TAMS 0x00000007a4200000| PB 0x00000007a4200000| Untracked |  0
| 516|0x00000007a4400000, 0x00000007a4400000, 0x00000007a4600000|  0%| F|  |TAMS 0x00000007a4400000| PB 0x00000007a4400000| Untracked |  0
| 517|0x00000007a4600000, 0x00000007a4600000, 0x00000007a4800000|  0%| F|  |TAMS 0x00000007a4600000| PB 0x00000007a4600000| Untracked |  0
| 518|0x00000007a4800000, 0x00000007a4800000, 0x00000007a4a00000|  0%| F|  |TAMS 0x00000007a4800000| PB 0x00000007a4800000| Untracked |  0
| 519|0x00000007a4a00000, 0x00000007a4a00000, 0x00000007a4c00000|  0%| F|  |TAMS 0x00000007a4a00000| PB 0x00000007a4a00000| Untracked |  0
| 520|0x00000007a4c00000, 0x00000007a4c00000, 0x00000007a4e00000|  0%| F|  |TAMS 0x00000007a4c00000| PB 0x00000007a4c00000| Untracked |  0
| 521|0x00000007a4e00000, 0x00000007a4e00000, 0x00000007a5000000|  0%| F|  |TAMS 0x00000007a4e00000| PB 0x00000007a4e00000| Untracked |  0
| 522|0x00000007a5000000, 0x00000007a5000000, 0x00000007a5200000|  0%| F|  |TAMS 0x00000007a5000000| PB 0x00000007a5000000| Untracked |  0
| 523|0x00000007a5200000, 0x00000007a5200000, 0x00000007a5400000|  0%| F|  |TAMS 0x00000007a5200000| PB 0x00000007a5200000| Untracked |  0
| 524|0x00000007a5400000, 0x00000007a5400000, 0x00000007a5600000|  0%| F|  |TAMS 0x00000007a5400000| PB 0x00000007a5400000| Untracked |  0
| 525|0x00000007a5600000, 0x00000007a5600000, 0x00000007a5800000|  0%| F|  |TAMS 0x00000007a5600000| PB 0x00000007a5600000| Untracked |  0
| 526|0x00000007a5800000, 0x00000007a5800000, 0x00000007a5a00000|  0%| F|  |TAMS 0x00000007a5800000| PB 0x00000007a5800000| Untracked |  0
| 527|0x00000007a5a00000, 0x00000007a5a00000, 0x00000007a5c00000|  0%| F|  |TAMS 0x00000007a5a00000| PB 0x00000007a5a00000| Untracked |  0
| 528|0x00000007a5c00000, 0x00000007a5c00000, 0x00000007a5e00000|  0%| F|  |TAMS 0x00000007a5c00000| PB 0x00000007a5c00000| Untracked |  0
| 529|0x00000007a5e00000, 0x00000007a5e00000, 0x00000007a6000000|  0%| F|  |TAMS 0x00000007a5e00000| PB 0x00000007a5e00000| Untracked |  0
| 530|0x00000007a6000000, 0x00000007a6000000, 0x00000007a6200000|  0%| F|  |TAMS 0x00000007a6000000| PB 0x00000007a6000000| Untracked |  0
| 531|0x00000007a6200000, 0x00000007a6200000, 0x00000007a6400000|  0%| F|  |TAMS 0x00000007a6200000| PB 0x00000007a6200000| Untracked |  0
| 532|0x00000007a6400000, 0x00000007a6400000, 0x00000007a6600000|  0%| F|  |TAMS 0x00000007a6400000| PB 0x00000007a6400000| Untracked |  0
| 533|0x00000007a6600000, 0x00000007a6600000, 0x00000007a6800000|  0%| F|  |TAMS 0x00000007a6600000| PB 0x00000007a6600000| Untracked |  0
| 534|0x00000007a6800000, 0x00000007a6800000, 0x00000007a6a00000|  0%| F|  |TAMS 0x00000007a6800000| PB 0x00000007a6800000| Untracked |  0
| 535|0x00000007a6a00000, 0x00000007a6a00000, 0x00000007a6c00000|  0%| F|  |TAMS 0x00000007a6a00000| PB 0x00000007a6a00000| Untracked |  0
| 536|0x00000007a6c00000, 0x00000007a6c00000, 0x00000007a6e00000|  0%| F|  |TAMS 0x00000007a6c00000| PB 0x00000007a6c00000| Untracked |  0
| 537|0x00000007a6e00000, 0x00000007a6e00000, 0x00000007a7000000|  0%| F|  |TAMS 0x00000007a6e00000| PB 0x00000007a6e00000| Untracked |  0
| 538|0x00000007a7000000, 0x00000007a7000000, 0x00000007a7200000|  0%| F|  |TAMS 0x00000007a7000000| PB 0x00000007a7000000| Untracked |  0
| 539|0x00000007a7200000, 0x00000007a7200000, 0x00000007a7400000|  0%| F|  |TAMS 0x00000007a7200000| PB 0x00000007a7200000| Untracked |  0
| 540|0x00000007a7400000, 0x00000007a7400000, 0x00000007a7600000|  0%| F|  |TAMS 0x00000007a7400000| PB 0x00000007a7400000| Untracked |  0
| 541|0x00000007a7600000, 0x00000007a7600000, 0x00000007a7800000|  0%| F|  |TAMS 0x00000007a7600000| PB 0x00000007a7600000| Untracked |  0
| 542|0x00000007a7800000, 0x00000007a7800000, 0x00000007a7a00000|  0%| F|  |TAMS 0x00000007a7800000| PB 0x00000007a7800000| Untracked |  0
| 543|0x00000007a7a00000, 0x00000007a7a00000, 0x00000007a7c00000|  0%| F|  |TAMS 0x00000007a7a00000| PB 0x00000007a7a00000| Untracked |  0
| 544|0x00000007a7c00000, 0x00000007a7c00000, 0x00000007a7e00000|  0%| F|  |TAMS 0x00000007a7c00000| PB 0x00000007a7c00000| Untracked |  0
| 545|0x00000007a7e00000, 0x00000007a7e00000, 0x00000007a8000000|  0%| F|  |TAMS 0x00000007a7e00000| PB 0x00000007a7e00000| Untracked |  0
|1140|0x00000007f2400000, 0x00000007f2600000, 0x00000007f2600000|100%| O|  |TAMS 0x00000007f2400000| PB 0x00000007f2400000| Untracked |  0
|1141|0x00000007f2600000, 0x00000007f2600000, 0x00000007f2800000|  0%| F|  |TAMS 0x00000007f2600000| PB 0x00000007f2600000| Untracked |  0
|1142|0x00000007f2800000, 0x00000007f2800000, 0x00000007f2a00000|  0%| F|  |TAMS 0x00000007f2800000| PB 0x00000007f2800000| Untracked |  0
|1143|0x00000007f2a00000, 0x00000007f2a00000, 0x00000007f2c00000|  0%| F|  |TAMS 0x00000007f2a00000| PB 0x00000007f2a00000| Untracked |  0
|1144|0x00000007f2c00000, 0x00000007f2c00000, 0x00000007f2e00000|  0%| F|  |TAMS 0x00000007f2c00000| PB 0x00000007f2c00000| Untracked |  0
|1145|0x00000007f2e00000, 0x00000007f3000000, 0x00000007f3000000|100%| O|Cm|TAMS 0x00000007f2e00000| PB 0x00000007f2e00000| Complete |  0
|1146|0x00000007f3000000, 0x00000007f3000000, 0x00000007f3200000|  0%| F|  |TAMS 0x00000007f3000000| PB 0x00000007f3000000| Untracked |  0
|1147|0x00000007f3200000, 0x00000007f3200000, 0x00000007f3400000|  0%| F|  |TAMS 0x00000007f3200000| PB 0x00000007f3200000| Untracked |  0
|1148|0x00000007f3400000, 0x00000007f3400000, 0x00000007f3600000|  0%| F|  |TAMS 0x00000007f3400000| PB 0x00000007f3400000| Untracked |  0
|1149|0x00000007f3600000, 0x00000007f3800000, 0x00000007f3800000|100%| O|Cm|TAMS 0x00000007f3600000| PB 0x00000007f3600000| Complete |  0
|1150|0x00000007f3800000, 0x00000007f3a00000, 0x00000007f3a00000|100%| O|Cm|TAMS 0x00000007f3800000| PB 0x00000007f3800000| Complete |  0
|1151|0x00000007f3a00000, 0x00000007f3c00000, 0x00000007f3c00000|100%| O|Cm|TAMS 0x00000007f3a00000| PB 0x00000007f3a00000| Complete |  0
|1152|0x00000007f3c00000, 0x00000007f3e00000, 0x00000007f3e00000|100%| O|  |TAMS 0x00000007f3c00000| PB 0x00000007f3c00000| Untracked |  0
|1153|0x00000007f3e00000, 0x00000007f4000000, 0x00000007f4000000|100%| O|  |TAMS 0x00000007f3e00000| PB 0x00000007f3e00000| Untracked |  0
|1154|0x00000007f4000000, 0x00000007f4200000, 0x00000007f4200000|100%| O|  |TAMS 0x00000007f4000000| PB 0x00000007f4000000| Untracked |  0
|1155|0x00000007f4200000, 0x00000007f4400000, 0x00000007f4400000|100%| O|  |TAMS 0x00000007f4200000| PB 0x00000007f4200000| Untracked |  0
|1156|0x00000007f4400000, 0x00000007f4600000, 0x00000007f4600000|100%| O|  |TAMS 0x00000007f4400000| PB 0x00000007f4400000| Untracked |  0
|1157|0x00000007f4600000, 0x00000007f4800000, 0x00000007f4800000|100%| O|Cm|TAMS 0x00000007f4600000| PB 0x00000007f4600000| Complete |  0
|1158|0x00000007f4800000, 0x00000007f4a00000, 0x00000007f4a00000|100%| O|  |TAMS 0x00000007f4800000| PB 0x00000007f4800000| Untracked |  0
|1159|0x00000007f4a00000, 0x00000007f4a00000, 0x00000007f4c00000|  0%| F|  |TAMS 0x00000007f4a00000| PB 0x00000007f4a00000| Untracked |  0
|1160|0x00000007f4c00000, 0x00000007f4c00000, 0x00000007f4e00000|  0%| F|  |TAMS 0x00000007f4c00000| PB 0x00000007f4c00000| Untracked |  0
|1161|0x00000007f4e00000, 0x00000007f4e00000, 0x00000007f5000000|  0%| F|  |TAMS 0x00000007f4e00000| PB 0x00000007f4e00000| Untracked |  0
|1162|0x00000007f5000000, 0x00000007f5000000, 0x00000007f5200000|  0%| F|  |TAMS 0x00000007f5000000| PB 0x00000007f5000000| Untracked |  0
|1163|0x00000007f5200000, 0x00000007f5200000, 0x00000007f5400000|  0%| F|  |TAMS 0x00000007f5200000| PB 0x00000007f5200000| Untracked |  0
|1164|0x00000007f5400000, 0x00000007f5400000, 0x00000007f5600000|  0%| F|  |TAMS 0x00000007f5400000| PB 0x00000007f5400000| Untracked |  0
|1165|0x00000007f5600000, 0x00000007f5600000, 0x00000007f5800000|  0%| F|  |TAMS 0x00000007f5600000| PB 0x00000007f5600000| Untracked |  0
|1166|0x00000007f5800000, 0x00000007f5800000, 0x00000007f5a00000|  0%| F|  |TAMS 0x00000007f5800000| PB 0x00000007f5800000| Untracked |  0
|1167|0x00000007f5a00000, 0x00000007f5a00000, 0x00000007f5c00000|  0%| F|  |TAMS 0x00000007f5a00000| PB 0x00000007f5a00000| Untracked |  0
|1168|0x00000007f5c00000, 0x00000007f5c00000, 0x00000007f5e00000|  0%| F|  |TAMS 0x00000007f5c00000| PB 0x00000007f5c00000| Untracked |  0
|1169|0x00000007f5e00000, 0x00000007f5e00000, 0x00000007f6000000|  0%| F|  |TAMS 0x00000007f5e00000| PB 0x00000007f5e00000| Untracked |  0
|1170|0x00000007f6000000, 0x00000007f6000000, 0x00000007f6200000|  0%| F|  |TAMS 0x00000007f6000000| PB 0x00000007f6000000| Untracked |  0
|1171|0x00000007f6200000, 0x00000007f6200000, 0x00000007f6400000|  0%| F|  |TAMS 0x00000007f6200000| PB 0x00000007f6200000| Untracked |  0
|1172|0x00000007f6400000, 0x00000007f6400000, 0x00000007f6600000|  0%| F|  |TAMS 0x00000007f6400000| PB 0x00000007f6400000| Untracked |  0
|1173|0x00000007f6600000, 0x00000007f6600000, 0x00000007f6800000|  0%| F|  |TAMS 0x00000007f6600000| PB 0x00000007f6600000| Untracked |  0
|1174|0x00000007f6800000, 0x00000007f6800000, 0x00000007f6a00000|  0%| F|  |TAMS 0x00000007f6800000| PB 0x00000007f6800000| Untracked |  0
|1175|0x00000007f6a00000, 0x00000007f6a00000, 0x00000007f6c00000|  0%| F|  |TAMS 0x00000007f6a00000| PB 0x00000007f6a00000| Untracked |  0
|1176|0x00000007f6c00000, 0x00000007f6c00000, 0x00000007f6e00000|  0%| F|  |TAMS 0x00000007f6c00000| PB 0x00000007f6c00000| Untracked |  0
|1177|0x00000007f6e00000, 0x00000007f6e00000, 0x00000007f7000000|  0%| F|  |TAMS 0x00000007f6e00000| PB 0x00000007f6e00000| Untracked |  0
|1178|0x00000007f7000000, 0x00000007f7000000, 0x00000007f7200000|  0%| F|  |TAMS 0x00000007f7000000| PB 0x00000007f7000000| Untracked |  0
|1179|0x00000007f7200000, 0x00000007f7200000, 0x00000007f7400000|  0%| F|  |TAMS 0x00000007f7200000| PB 0x00000007f7200000| Untracked |  0
|1180|0x00000007f7400000, 0x00000007f7400000, 0x00000007f7600000|  0%| F|  |TAMS 0x00000007f7400000| PB 0x00000007f7400000| Untracked |  0
|1181|0x00000007f7600000, 0x00000007f7600000, 0x00000007f7800000|  0%| F|  |TAMS 0x00000007f7600000| PB 0x00000007f7600000| Untracked |  0
|1182|0x00000007f7800000, 0x00000007f7800000, 0x00000007f7a00000|  0%| F|  |TAMS 0x00000007f7800000| PB 0x00000007f7800000| Untracked |  0
|1183|0x00000007f7a00000, 0x00000007f7a00000, 0x00000007f7c00000|  0%| F|  |TAMS 0x00000007f7a00000| PB 0x00000007f7a00000| Untracked |  0
|1184|0x00000007f7c00000, 0x00000007f7c00000, 0x00000007f7e00000|  0%| F|  |TAMS 0x00000007f7c00000| PB 0x00000007f7c00000| Untracked |  0
|1185|0x00000007f7e00000, 0x00000007f7e00000, 0x00000007f8000000|  0%| F|  |TAMS 0x00000007f7e00000| PB 0x00000007f7e00000| Untracked |  0
|1186|0x00000007f8000000, 0x00000007f8000000, 0x00000007f8200000|  0%| F|  |TAMS 0x00000007f8000000| PB 0x00000007f8000000| Untracked |  0
|1187|0x00000007f8200000, 0x00000007f8200000, 0x00000007f8400000|  0%| F|  |TAMS 0x00000007f8200000| PB 0x00000007f8200000| Untracked |  0
|1188|0x00000007f8400000, 0x00000007f8400000, 0x00000007f8600000|  0%| F|  |TAMS 0x00000007f8400000| PB 0x00000007f8400000| Untracked |  0
|1189|0x00000007f8600000, 0x00000007f8600000, 0x00000007f8800000|  0%| F|  |TAMS 0x00000007f8600000| PB 0x00000007f8600000| Untracked |  0
|1190|0x00000007f8800000, 0x00000007f8800000, 0x00000007f8a00000|  0%| F|  |TAMS 0x00000007f8800000| PB 0x00000007f8800000| Untracked |  0
|1191|0x00000007f8a00000, 0x00000007f8a00000, 0x00000007f8c00000|  0%| F|  |TAMS 0x00000007f8a00000| PB 0x00000007f8a00000| Untracked |  0
|1192|0x00000007f8c00000, 0x00000007f8c00000, 0x00000007f8e00000|  0%| F|  |TAMS 0x00000007f8c00000| PB 0x00000007f8c00000| Untracked |  0
|1193|0x00000007f8e00000, 0x00000007f8e00000, 0x00000007f9000000|  0%| F|  |TAMS 0x00000007f8e00000| PB 0x00000007f8e00000| Untracked |  0
|1194|0x00000007f9000000, 0x00000007f9000000, 0x00000007f9200000|  0%| F|  |TAMS 0x00000007f9000000| PB 0x00000007f9000000| Untracked |  0
|1195|0x00000007f9200000, 0x00000007f9200000, 0x00000007f9400000|  0%| F|  |TAMS 0x00000007f9200000| PB 0x00000007f9200000| Untracked |  0
|1196|0x00000007f9400000, 0x00000007f9400000, 0x00000007f9600000|  0%| F|  |TAMS 0x00000007f9400000| PB 0x00000007f9400000| Untracked |  0
|1197|0x00000007f9600000, 0x00000007f9600000, 0x00000007f9800000|  0%| F|  |TAMS 0x00000007f9600000| PB 0x00000007f9600000| Untracked |  0
|1198|0x00000007f9800000, 0x00000007f9800000, 0x00000007f9a00000|  0%| F|  |TAMS 0x00000007f9800000| PB 0x00000007f9800000| Untracked |  0
|1199|0x00000007f9a00000, 0x00000007f9a00000, 0x00000007f9c00000|  0%| F|  |TAMS 0x00000007f9a00000| PB 0x00000007f9a00000| Untracked |  0
|1200|0x00000007f9c00000, 0x00000007f9c00000, 0x00000007f9e00000|  0%| F|  |TAMS 0x00000007f9c00000| PB 0x00000007f9c00000| Untracked |  0
|1201|0x00000007f9e00000, 0x00000007f9e00000, 0x00000007fa000000|  0%| F|  |TAMS 0x00000007f9e00000| PB 0x00000007f9e00000| Untracked |  0
|1202|0x00000007fa000000, 0x00000007fa000000, 0x00000007fa200000|  0%| F|  |TAMS 0x00000007fa000000| PB 0x00000007fa000000| Untracked |  0
|1203|0x00000007fa200000, 0x00000007fa200000, 0x00000007fa400000|  0%| F|  |TAMS 0x00000007fa200000| PB 0x00000007fa200000| Untracked |  0
|1204|0x00000007fa400000, 0x00000007fa400000, 0x00000007fa600000|  0%| F|  |TAMS 0x00000007fa400000| PB 0x00000007fa400000| Untracked |  0
|1205|0x00000007fa600000, 0x00000007fa600000, 0x00000007fa800000|  0%| F|  |TAMS 0x00000007fa600000| PB 0x00000007fa600000| Untracked |  0
|1206|0x00000007fa800000, 0x00000007fa800000, 0x00000007faa00000|  0%| F|  |TAMS 0x00000007fa800000| PB 0x00000007fa800000| Untracked |  0
|1207|0x00000007faa00000, 0x00000007faa00000, 0x00000007fac00000|  0%| F|  |TAMS 0x00000007faa00000| PB 0x00000007faa00000| Untracked |  0
|1208|0x00000007fac00000, 0x00000007fac00000, 0x00000007fae00000|  0%| F|  |TAMS 0x00000007fac00000| PB 0x00000007fac00000| Untracked |  0
|1209|0x00000007fae00000, 0x00000007fae00000, 0x00000007fb000000|  0%| F|  |TAMS 0x00000007fae00000| PB 0x00000007fae00000| Untracked |  0
|1210|0x00000007fb000000, 0x00000007fb000000, 0x00000007fb200000|  0%| F|  |TAMS 0x00000007fb000000| PB 0x00000007fb000000| Untracked |  0
|1211|0x00000007fb200000, 0x00000007fb200000, 0x00000007fb400000|  0%| F|  |TAMS 0x00000007fb200000| PB 0x00000007fb200000| Untracked |  0
|1212|0x00000007fb400000, 0x00000007fb400000, 0x00000007fb600000|  0%| F|  |TAMS 0x00000007fb400000| PB 0x00000007fb400000| Untracked |  0
|1213|0x00000007fb600000, 0x00000007fb600000, 0x00000007fb800000|  0%| F|  |TAMS 0x00000007fb600000| PB 0x00000007fb600000| Untracked |  0
|1214|0x00000007fb800000, 0x00000007fb800000, 0x00000007fba00000|  0%| F|  |TAMS 0x00000007fb800000| PB 0x00000007fb800000| Untracked |  0
|1215|0x00000007fba00000, 0x00000007fba00000, 0x00000007fbc00000|  0%| F|  |TAMS 0x00000007fba00000| PB 0x00000007fba00000| Untracked |  0
|1216|0x00000007fbc00000, 0x00000007fbc00000, 0x00000007fbe00000|  0%| F|  |TAMS 0x00000007fbc00000| PB 0x00000007fbc00000| Untracked |  0
|1217|0x00000007fbe00000, 0x00000007fbe00000, 0x00000007fc000000|  0%| F|  |TAMS 0x00000007fbe00000| PB 0x00000007fbe00000| Untracked |  0
|1218|0x00000007fc000000, 0x00000007fc000000, 0x00000007fc200000|  0%| F|  |TAMS 0x00000007fc000000| PB 0x00000007fc000000| Untracked |  0
|1219|0x00000007fc200000, 0x00000007fc200000, 0x00000007fc400000|  0%| F|  |TAMS 0x00000007fc200000| PB 0x00000007fc200000| Untracked |  0
|1220|0x00000007fc400000, 0x00000007fc400000, 0x00000007fc600000|  0%| F|  |TAMS 0x00000007fc400000| PB 0x00000007fc400000| Untracked |  0
|1221|0x00000007fc600000, 0x00000007fc600000, 0x00000007fc800000|  0%| F|  |TAMS 0x00000007fc600000| PB 0x00000007fc600000| Untracked |  0
|1222|0x00000007fc800000, 0x00000007fc800000, 0x00000007fca00000|  0%| F|  |TAMS 0x00000007fc800000| PB 0x00000007fc800000| Untracked |  0
|1223|0x00000007fca00000, 0x00000007fca00000, 0x00000007fcc00000|  0%| F|  |TAMS 0x00000007fca00000| PB 0x00000007fca00000| Untracked |  0
|1224|0x00000007fcc00000, 0x00000007fcc00000, 0x00000007fce00000|  0%| F|  |TAMS 0x00000007fcc00000| PB 0x00000007fcc00000| Untracked |  0
|1225|0x00000007fce00000, 0x00000007fce00000, 0x00000007fd000000|  0%| F|  |TAMS 0x00000007fce00000| PB 0x00000007fce00000| Untracked |  0
|1226|0x00000007fd000000, 0x00000007fd000000, 0x00000007fd200000|  0%| F|  |TAMS 0x00000007fd000000| PB 0x00000007fd000000| Untracked |  0
|1227|0x00000007fd200000, 0x00000007fd200000, 0x00000007fd400000|  0%| F|  |TAMS 0x00000007fd200000| PB 0x00000007fd200000| Untracked |  0
|1228|0x00000007fd400000, 0x00000007fd400000, 0x00000007fd600000|  0%| F|  |TAMS 0x00000007fd400000| PB 0x00000007fd400000| Untracked |  0
|1229|0x00000007fd600000, 0x00000007fd600000, 0x00000007fd800000|  0%| F|  |TAMS 0x00000007fd600000| PB 0x00000007fd600000| Untracked |  0
|1230|0x00000007fd800000, 0x00000007fd800000, 0x00000007fda00000|  0%| F|  |TAMS 0x00000007fd800000| PB 0x00000007fd800000| Untracked |  0
|1231|0x00000007fda00000, 0x00000007fda00000, 0x00000007fdc00000|  0%| F|  |TAMS 0x00000007fda00000| PB 0x00000007fda00000| Untracked |  0
|1232|0x00000007fdc00000, 0x00000007fdc03d58, 0x00000007fde00000|  0%| E|  |TAMS 0x00000007fdc00000| PB 0x00000007fdc00000| Complete |  0
|1233|0x00000007fde00000, 0x00000007fe000000, 0x00000007fe000000|100%| E|CS|TAMS 0x00000007fde00000| PB 0x00000007fde00000| Complete |  0
|1234|0x00000007fe000000, 0x00000007fe200000, 0x00000007fe200000|100%| E|CS|TAMS 0x00000007fe000000| PB 0x00000007fe000000| Complete |  0
|1235|0x00000007fe200000, 0x00000007fe400000, 0x00000007fe400000|100%| E|CS|TAMS 0x00000007fe200000| PB 0x00000007fe200000| Complete |  0
|1236|0x00000007fe400000, 0x00000007fe538720, 0x00000007fe600000| 61%| S|CS|TAMS 0x00000007fe400000| PB 0x00000007fe400000| Complete |  0
|1237|0x00000007fe600000, 0x00000007fe800000, 0x00000007fe800000|100%| S|CS|TAMS 0x00000007fe600000| PB 0x00000007fe600000| Complete |  0
|1238|0x00000007fe800000, 0x00000007fea00000, 0x00000007fea00000|100%| S|CS|TAMS 0x00000007fe800000| PB 0x00000007fe800000| Complete |  0
|1239|0x00000007fea00000, 0x00000007fec00000, 0x00000007fec00000|100%| S|CS|TAMS 0x00000007fea00000| PB 0x00000007fea00000| Complete |  0
|1240|0x00000007fec00000, 0x00000007fee00000, 0x00000007fee00000|100%| S|CS|TAMS 0x00000007fec00000| PB 0x00000007fec00000| Complete |  0
|1241|0x00000007fee00000, 0x00000007ff000000, 0x00000007ff000000|100%| S|CS|TAMS 0x00000007fee00000| PB 0x00000007fee00000| Complete |  0
|1242|0x00000007ff000000, 0x00000007ff200000, 0x00000007ff200000|100%| S|CS|TAMS 0x00000007ff000000| PB 0x00000007ff000000| Complete |  0
|1243|0x00000007ff200000, 0x00000007ff400000, 0x00000007ff400000|100%| E|CS|TAMS 0x00000007ff200000| PB 0x00000007ff200000| Complete |  0
|1244|0x00000007ff400000, 0x00000007ff600000, 0x00000007ff600000|100%| E|CS|TAMS 0x00000007ff400000| PB 0x00000007ff400000| Complete |  0
|1245|0x00000007ff600000, 0x00000007ff800000, 0x00000007ff800000|100%| E|CS|TAMS 0x00000007ff600000| PB 0x00000007ff600000| Complete |  0
|1246|0x00000007ff800000, 0x00000007ffa00000, 0x00000007ffa00000|100%| O|  |TAMS 0x00000007ff800000| PB 0x00000007ff800000| Untracked |  0
|1247|0x00000007ffa00000, 0x00000007ffc00000, 0x00000007ffc00000|100%| E|CS|TAMS 0x00000007ffa00000| PB 0x00000007ffa00000| Complete |  0
|1248|0x00000007ffc00000, 0x00000007ffe00000, 0x00000007ffe00000|100%| O|  |TAMS 0x00000007ffc00000| PB 0x00000007ffc00000| Untracked |  0
|1249|0x00000007ffe00000, 0x0000000800000000, 0x0000000800000000|100%| E|CS|TAMS 0x00000007ffe00000| PB 0x00000007ffe00000| Complete |  0

Card table byte_map: [0x0000027035530000,0x0000027035a20000] _byte_map_base: 0x0000027031a12000

Marking Bits: (CMBitMap*) 0x000002701cf22180
 Bits: [0x0000027035a20000, 0x0000027038130000)

Polling page: 0x000002701ace0000

Metaspace:
Metaspace        used 221586K, committed 224384K, reserved 1245184K
 class space     used 28379K, committed 29760K, reserved 1048576K

Usage:
  Non-class:    188.68 MB used.
      Class:     27.71 MB used.
       Both:    216.39 MB used.

Virtual space:
  Non-class space:      192.00 MB reserved,     190.06 MB ( 99%) committed,  3 nodes.
      Class space:        1.00 GB reserved,      29.06 MB (  3%) committed,  1 nodes.
             Both:        1.19 GB reserved,     219.12 MB ( 18%) committed. 

Chunk freelists:
   Non-Class:  1.50 MB
       Class:  2.97 MB
        Both:  4.47 MB

MaxMetaspaceSize: unlimited
CompressedClassSpaceSize: 1.00 GB
Initial GC threshold: 21.00 MB
Current GC threshold: 363.06 MB
CDS: on
 - commit_granule_bytes: 65536.
 - commit_granule_words: 8192.
 - virtual_space_node_default_size: 8388608.
 - enlarge_chunks_in_place: 1.
UseCompressedClassPointers 1, UseCompactObjectHeaders 0
Narrow klass pointer bits 32, Max shift 3
Narrow klass base: 0x000000009e000000, Narrow klass shift: 0
Encoding Range: [0x000000009e000000 - 0x000000019e000000), (4294967296 bytes)
Klass Range:    [0x000000009e010000 - 0x00000000df000000), (1090453504 bytes)
Klass ID Range:  [65536 - 1090519033) (1090453497)
Protection zone: [0x000000009e000000 - 0x000000009e010000), (65536 bytes)


Internal statistics:

num_allocs_failed_limit: 6.
num_arena_births: 5240.
num_arena_deaths: 2.
num_vsnodes_births: 4.
num_vsnodes_deaths: 0.
num_space_committed: 3502.
num_space_uncommitted: 0.
num_chunks_returned_to_freelist: 9.
num_chunks_taken_from_freelist: 13980.
num_chunk_merges: 6.
num_chunk_splits: 10055.
num_chunks_enlarged: 7425.
num_inconsistent_stats: 0.

CodeHeap 'non-profiled nmethods': size=120064Kb used=20775Kb max_used=24891Kb free=99288Kb
 bounds [0x000002702d4a0000, 0x000002702ecf0000, 0x00000270349e0000]
CodeHeap 'profiled nmethods': size=120064Kb used=57247Kb max_used=66903Kb free=62816Kb
 bounds [0x00000270259c0000, 0x0000027029b20000, 0x000002702cf00000]
CodeHeap 'non-nmethods': size=5760Kb used=2703Kb max_used=2872Kb free=3056Kb
 bounds [0x000002702cf00000, 0x000002702d1f0000, 0x000002702d4a0000]
CodeCache: size=245888Kb, used=80725Kb, max_used=94666Kb, free=165160Kb
 total_blobs=30520, nmethods=29319, adapters=1098, full_count=0
Compilation: enabled, stopped_count=0, restarted_count=0

Compilation events (20 events):
Event: 1787.726 Thread 0x000002703ad7deb0 nmethod 61557 0x0000027026f00888 code [0x0000027026f00980, 0x0000027026f01010]
Event: 1787.726 Thread 0x000002703ad7deb0 61559       3       gnu.trove.TIntHash::insertionIndex (223 bytes)
Event: 1787.726 Thread 0x000002703ad7deb0 nmethod 61559 0x0000027026247108 code [0x0000027026247200, 0x0000027026247ad8]
Event: 1787.727 Thread 0x000002703ad7deb0 61558       3       gnu.trove.TPrimitiveHash::setUp (24 bytes)
Event: 1787.727 Thread 0x000002703ad7deb0 nmethod 61558 0x000002702604bd08 code [0x000002702604be00, 0x000002702604c2e0]
Event: 1787.727 Thread 0x000002703ad7deb0 61560       1       org.jetbrains.kotlin.codegen.optimization.common.ControlFlowGraph::access$getPredecessors$p (5 bytes)
Event: 1787.727 Thread 0x000002703ad7deb0 nmethod 61560 0x000002702d54a888 code [0x000002702d54a980, 0x000002702d54aa30]
Event: 1787.727 Thread 0x000002703ad7deb0 61561       1       org.jetbrains.kotlin.codegen.optimization.common.ControlFlowGraph::access$getSuccessors$p (5 bytes)
Event: 1787.727 Thread 0x000002703ad7deb0 nmethod 61561 0x000002702d554308 code [0x000002702d554400, 0x000002702d5544b0]
Event: 1787.820 Thread 0x000002703ad4e160 61562       4       org.jetbrains.org.objectweb.asm.tree.analysis.Frame::execute (2125 bytes)
Event: 1787.820 Thread 0x000002703ad7deb0 61563       3       org.jetbrains.kotlin.codegen.coroutines.UnitSourceInterpreter::markUnspillable (47 bytes)
Event: 1787.820 Thread 0x000002703ad7deb0 nmethod 61563 0x0000027025e13588 code [0x0000027025e13680, 0x0000027025e13c48]
Event: 1787.820 Thread 0x000002703ad7deb0 61567   !   3       org.jetbrains.kotlin.codegen.optimization.common.FastMethodAnalyzer::mergeControlFlowEdge (233 bytes)
Event: 1787.821 Thread 0x000002703ad7deb0 nmethod 61567 0x0000027026d49a88 code [0x0000027026d49b80, 0x0000027026d4b2f0]
Event: 1787.821 Thread 0x000002703ad7deb0 61564       3       org.jetbrains.org.objectweb.asm.tree.analysis.BasicInterpreter::merge (14 bytes)
Event: 1787.821 Thread 0x000002703ad7deb0 nmethod 61564 0x00000270262fa508 code [0x00000270262fa600, 0x00000270262fa840]
Event: 1787.821 Thread 0x000002703ad7deb0 61565       3       org.jetbrains.kotlin.codegen.coroutines.UnitSourceInterpreter::merge (16 bytes)
Event: 1787.821 Thread 0x000002703ad7deb0 nmethod 61565 0x0000027026ba4688 code [0x0000027026ba4780, 0x0000027026ba4ad0]
Event: 1787.821 Thread 0x000002703ad7deb0 61566       3       org.jetbrains.kotlin.codegen.coroutines.UnitSourceInterpreter::merge (174 bytes)
Event: 1787.823 Thread 0x000002703ad7deb0 nmethod 61566 0x0000027027a00608 code [0x0000027027a00700, 0x0000027027a02d50]

GC Heap Usage History (20 events):
Event: 1607.185 {heap Before GC invocations=200 (full 0):
 garbage-first heap   total reserved 2560000K, committed 1343488K, used 1121770K [0x0000000763c00000, 0x0000000800000000)
  region size 2048K, 222 young (454656K), 20 survivors (40960K)
}
Event: 1610.708 {heap After GC invocations=201 (full 0):
 garbage-first heap   total reserved 2560000K, committed 1343488K, used 741504K [0x0000000763c00000, 0x0000000800000000)
  region size 2048K, 28 young (57344K), 28 survivors (57344K)
}
Event: 1611.638 {heap Before GC invocations=201 (full 0):
 garbage-first heap   total reserved 2560000K, committed 1343488K, used 749696K [0x0000000763c00000, 0x0000000800000000)
  region size 2048K, 32 young (65536K), 28 survivors (57344K)
}
Event: 1612.880 {heap After GC invocations=202 (full 0):
 garbage-first heap   total reserved 2560000K, committed 1343488K, used 705516K [0x0000000763c00000, 0x0000000800000000)
  region size 2048K, 4 young (8192K), 4 survivors (8192K)
}
Event: 1626.593 {heap Before GC invocations=202 (full 0):
 garbage-first heap   total reserved 2560000K, committed 1343488K, used 762860K [0x0000000763c00000, 0x0000000800000000)
  region size 2048K, 32 young (65536K), 4 survivors (8192K)
}
Event: 1626.628 {heap After GC invocations=203 (full 0):
 garbage-first heap   total reserved 2560000K, committed 1343488K, used 661329K [0x0000000763c00000, 0x0000000800000000)
  region size 2048K, 3 young (6144K), 3 survivors (6144K)
}
Event: 1634.612 {heap Before GC invocations=203 (full 0):
 garbage-first heap   total reserved 2560000K, committed 1343488K, used 720721K [0x0000000763c00000, 0x0000000800000000)
  region size 2048K, 32 young (65536K), 3 survivors (6144K)
}
Event: 1634.646 {heap After GC invocations=204 (full 0):
 garbage-first heap   total reserved 2560000K, committed 1343488K, used 619742K [0x0000000763c00000, 0x0000000800000000)
  region size 2048K, 2 young (4096K), 2 survivors (4096K)
}
Event: 1652.787 {heap Before GC invocations=204 (full 0):
 garbage-first heap   total reserved 2560000K, committed 1343488K, used 681182K [0x0000000763c00000, 0x0000000800000000)
  region size 2048K, 32 young (65536K), 2 survivors (4096K)
}
Event: 1652.837 {heap After GC invocations=205 (full 0):
 garbage-first heap   total reserved 2560000K, committed 1343488K, used 583580K [0x0000000763c00000, 0x0000000800000000)
  region size 2048K, 4 young (8192K), 4 survivors (8192K)
}
Event: 1680.838 {heap Before GC invocations=205 (full 0):
 garbage-first heap   total reserved 2560000K, committed 1343488K, used 640924K [0x0000000763c00000, 0x0000000800000000)
  region size 2048K, 32 young (65536K), 4 survivors (8192K)
}
Event: 1680.987 {heap After GC invocations=206 (full 0):
 garbage-first heap   total reserved 2560000K, committed 1343488K, used 549930K [0x0000000763c00000, 0x0000000800000000)
  region size 2048K, 4 young (8192K), 4 survivors (8192K)
}
Event: 1683.146 {heap Before GC invocations=206 (full 0):
 garbage-first heap   total reserved 2560000K, committed 1343488K, used 558122K [0x0000000763c00000, 0x0000000800000000)
  region size 2048K, 9 young (18432K), 4 survivors (8192K)
}
Event: 1683.179 {heap After GC invocations=207 (full 0):
 garbage-first heap   total reserved 2560000K, committed 1343488K, used 553320K [0x0000000763c00000, 0x0000000800000000)
  region size 2048K, 1 young (2048K), 1 survivors (2048K)
}
Event: 1707.868 {heap Before GC invocations=208 (full 0):
 garbage-first heap   total reserved 2560000K, committed 1343488K, used 530792K [0x0000000763c00000, 0x0000000800000000)
  region size 2048K, 32 young (65536K), 1 survivors (2048K)
}
Event: 1707.883 {heap After GC invocations=209 (full 0):
 garbage-first heap   total reserved 2560000K, committed 1343488K, used 482722K [0x0000000763c00000, 0x0000000800000000)
  region size 2048K, 4 young (8192K), 4 survivors (8192K)
}
Event: 1778.866 {heap Before GC invocations=209 (full 0):
 garbage-first heap   total reserved 2560000K, committed 1343488K, used 667042K [0x0000000763c00000, 0x0000000800000000)
  region size 2048K, 94 young (192512K), 4 survivors (8192K)
}
Event: 1778.896 {heap After GC invocations=210 (full 0):
 garbage-first heap   total reserved 2560000K, committed 1343488K, used 444931K [0x0000000763c00000, 0x0000000800000000)
  region size 2048K, 10 young (20480K), 10 survivors (20480K)
}
Event: 1783.205 {heap Before GC invocations=210 (full 0):
 garbage-first heap   total reserved 2560000K, committed 1343488K, used 453123K [0x0000000763c00000, 0x0000000800000000)
  region size 2048K, 15 young (30720K), 10 survivors (20480K)
}
Event: 1783.221 {heap After GC invocations=211 (full 0):
 garbage-first heap   total reserved 2560000K, committed 1343488K, used 446096K [0x0000000763c00000, 0x0000000800000000)
  region size 2048K, 7 young (14336K), 7 survivors (14336K)
}

Metaspace Usage History (20 events):
Event: 1607.185 {metaspace Before GC invocations=200 (full 0):
 Metaspace       used 194038K, committed 196864K, reserved 1245184K
  class space    used 25909K, committed 27264K, reserved 1048576K
}
Event: 1610.708 {metaspace After GC invocations=201 (full 0):
 Metaspace       used 194038K, committed 196864K, reserved 1245184K
  class space    used 25909K, committed 27264K, reserved 1048576K
}
Event: 1611.638 {metaspace Before GC invocations=201 (full 0):
 Metaspace       used 194052K, committed 196864K, reserved 1245184K
  class space    used 25909K, committed 27264K, reserved 1048576K
}
Event: 1612.881 {metaspace After GC invocations=202 (full 0):
 Metaspace       used 194052K, committed 196864K, reserved 1245184K
  class space    used 25909K, committed 27264K, reserved 1048576K
}
Event: 1626.593 {metaspace Before GC invocations=202 (full 0):
 Metaspace       used 194304K, committed 197120K, reserved 1245184K
  class space    used 25915K, committed 27264K, reserved 1048576K
}
Event: 1626.628 {metaspace After GC invocations=203 (full 0):
 Metaspace       used 194304K, committed 197120K, reserved 1245184K
  class space    used 25915K, committed 27264K, reserved 1048576K
}
Event: 1634.612 {metaspace Before GC invocations=203 (full 0):
 Metaspace       used 195140K, committed 197952K, reserved 1245184K
  class space    used 25988K, committed 27328K, reserved 1048576K
}
Event: 1634.646 {metaspace After GC invocations=204 (full 0):
 Metaspace       used 195140K, committed 197952K, reserved 1245184K
  class space    used 25988K, committed 27328K, reserved 1048576K
}
Event: 1652.787 {metaspace Before GC invocations=204 (full 0):
 Metaspace       used 201372K, committed 204224K, reserved 1245184K
  class space    used 26589K, committed 27968K, reserved 1048576K
}
Event: 1652.837 {metaspace After GC invocations=205 (full 0):
 Metaspace       used 201372K, committed 204224K, reserved 1245184K
  class space    used 26589K, committed 27968K, reserved 1048576K
}
Event: 1680.838 {metaspace Before GC invocations=205 (full 0):
 Metaspace       used 203577K, committed 206400K, reserved 1245184K
  class space    used 26832K, committed 28224K, reserved 1048576K
}
Event: 1680.987 {metaspace After GC invocations=206 (full 0):
 Metaspace       used 203577K, committed 206400K, reserved 1245184K
  class space    used 26832K, committed 28224K, reserved 1048576K
}
Event: 1683.146 {metaspace Before GC invocations=206 (full 0):
 Metaspace       used 203913K, committed 206720K, reserved 1245184K
  class space    used 26858K, committed 28224K, reserved 1048576K
}
Event: 1683.180 {metaspace After GC invocations=207 (full 0):
 Metaspace       used 203913K, committed 206720K, reserved 1245184K
  class space    used 26858K, committed 28224K, reserved 1048576K
}
Event: 1707.868 {metaspace Before GC invocations=208 (full 0):
 Metaspace       used 206082K, committed 208896K, reserved 1245184K
  class space    used 27054K, committed 28416K, reserved 1048576K
}
Event: 1707.883 {metaspace After GC invocations=209 (full 0):
 Metaspace       used 206082K, committed 208896K, reserved 1245184K
  class space    used 27054K, committed 28416K, reserved 1048576K
}
Event: 1778.866 {metaspace Before GC invocations=209 (full 0):
 Metaspace       used 219602K, committed 222400K, reserved 1245184K
  class space    used 28208K, committed 29568K, reserved 1048576K
}
Event: 1778.896 {metaspace After GC invocations=210 (full 0):
 Metaspace       used 219602K, committed 222400K, reserved 1245184K
  class space    used 28208K, committed 29568K, reserved 1048576K
}
Event: 1783.205 {metaspace Before GC invocations=210 (full 0):
 Metaspace       used 220055K, committed 222912K, reserved 1245184K
  class space    used 28246K, committed 29632K, reserved 1048576K
}
Event: 1783.221 {metaspace After GC invocations=211 (full 0):
 Metaspace       used 220055K, committed 222912K, reserved 1245184K
  class space    used 28246K, committed 29632K, reserved 1048576K
}

Dll operation events (14 events):
Event: 0.008 Loaded shared library C:\Users\ASUS\.gradle\jdks\eclipse_adoptium-25-amd64-windows.2\bin\java.dll
Event: 0.054 Loaded shared library C:\Users\ASUS\.gradle\jdks\eclipse_adoptium-25-amd64-windows.2\bin\zip.dll
Event: 0.056 Loaded shared library C:\Users\ASUS\.gradle\jdks\eclipse_adoptium-25-amd64-windows.2\bin\instrument.dll
Event: 0.059 Loaded shared library C:\Users\ASUS\.gradle\jdks\eclipse_adoptium-25-amd64-windows.2\bin\net.dll
Event: 0.061 Loaded shared library C:\Users\ASUS\.gradle\jdks\eclipse_adoptium-25-amd64-windows.2\bin\nio.dll
Event: 0.063 Loaded shared library C:\Users\ASUS\.gradle\jdks\eclipse_adoptium-25-amd64-windows.2\bin\zip.dll
Event: 0.164 Loaded shared library C:\Users\ASUS\.gradle\jdks\eclipse_adoptium-25-amd64-windows.2\bin\jimage.dll
Event: 0.284 Loaded shared library C:\Users\ASUS\.gradle\jdks\eclipse_adoptium-25-amd64-windows.2\bin\verify.dll
Event: 0.304 Loaded shared library C:\Users\ASUS\.gradle\native\660c5614fbf4a5f2a75b1949f50a0caf5cd603558e7d8a26e50b933a0cfb79d1\windows-amd64\native-platform.dll
Event: 0.314 Loaded shared library C:\Users\ASUS\.gradle\native\0.2.8\x86_64-windows-gnu\gradle-fileevents.dll
Event: 0.891 Loaded shared library C:\Users\ASUS\.gradle\jdks\eclipse_adoptium-25-amd64-windows.2\bin\management.dll
Event: 0.894 Loaded shared library C:\Users\ASUS\.gradle\jdks\eclipse_adoptium-25-amd64-windows.2\bin\management_ext.dll
Event: 1.000 Loaded shared library C:\Users\ASUS\.gradle\jdks\eclipse_adoptium-25-amd64-windows.2\bin\extnet.dll
Event: 1.163 Loaded shared library C:\Users\ASUS\.gradle\jdks\eclipse_adoptium-25-amd64-windows.2\bin\sunmscapi.dll

Deoptimization events (20 events):
Event: 1787.605 Thread 0x0000027043a79410 Uncommon trap: trap_request=0xffffffc6 fr.pc=0x000002702e1589bc relative=0x00000000000018fc
Event: 1787.605 Thread 0x0000027043a79410 Uncommon trap: reason=bimorphic_or_optimized_type_check action=maybe_recompile pc=0x000002702e1589bc method=org.jetbrains.org.objectweb.asm.tree.analysis.Frame.execute(Lorg/jetbrains/org/objectweb/asm/tree/AbstractInsnNode;Lorg/jetbrains/org/objectweb/asm
Event: 1787.605 Thread 0x0000027043a79410 DEOPT PACKING pc=0x000002702e1589bc sp=0x000000b49f1fbb60
Event: 1787.606 Thread 0x0000027043a79410 DEOPT UNPACKING pc=0x000002702d031202 sp=0x000000b49f1fbaf8 mode 2
Event: 1787.614 Thread 0x0000027043a79410 Uncommon trap: trap_request=0xffffffc6 fr.pc=0x000002702e1589bc relative=0x00000000000018fc
Event: 1787.614 Thread 0x0000027043a79410 Uncommon trap: reason=bimorphic_or_optimized_type_check action=maybe_recompile pc=0x000002702e1589bc method=org.jetbrains.org.objectweb.asm.tree.analysis.Frame.execute(Lorg/jetbrains/org/objectweb/asm/tree/AbstractInsnNode;Lorg/jetbrains/org/objectweb/asm
Event: 1787.614 Thread 0x0000027043a79410 DEOPT PACKING pc=0x000002702e1589bc sp=0x000000b49f1fbab0
Event: 1787.614 Thread 0x0000027043a79410 DEOPT UNPACKING pc=0x000002702d031202 sp=0x000000b49f1fba30 mode 2
Event: 1787.614 Thread 0x0000027043a79410 Uncommon trap: trap_request=0xffffffc6 fr.pc=0x000002702e1589bc relative=0x00000000000018fc
Event: 1787.614 Thread 0x0000027043a79410 Uncommon trap: reason=bimorphic_or_optimized_type_check action=maybe_recompile pc=0x000002702e1589bc method=org.jetbrains.org.objectweb.asm.tree.analysis.Frame.execute(Lorg/jetbrains/org/objectweb/asm/tree/AbstractInsnNode;Lorg/jetbrains/org/objectweb/asm
Event: 1787.614 Thread 0x0000027043a79410 DEOPT PACKING pc=0x000002702e1589bc sp=0x000000b49f1fbab0
Event: 1787.614 Thread 0x0000027043a79410 DEOPT UNPACKING pc=0x000002702d031202 sp=0x000000b49f1fba30 mode 2
Event: 1787.614 Thread 0x0000027043a79410 Uncommon trap: trap_request=0xffffffc6 fr.pc=0x000002702e1589bc relative=0x00000000000018fc
Event: 1787.614 Thread 0x0000027043a79410 Uncommon trap: reason=bimorphic_or_optimized_type_check action=maybe_recompile pc=0x000002702e1589bc method=org.jetbrains.org.objectweb.asm.tree.analysis.Frame.execute(Lorg/jetbrains/org/objectweb/asm/tree/AbstractInsnNode;Lorg/jetbrains/org/objectweb/asm
Event: 1787.614 Thread 0x0000027043a79410 DEOPT PACKING pc=0x000002702e1589bc sp=0x000000b49f1fbab0
Event: 1787.614 Thread 0x0000027043a79410 DEOPT UNPACKING pc=0x000002702d031202 sp=0x000000b49f1fba30 mode 2
Event: 1787.820 Thread 0x0000027043a79410 Uncommon trap: trap_request=0xffffff45 fr.pc=0x000002702d65bb7c relative=0x00000000000003fc
Event: 1787.820 Thread 0x0000027043a79410 Uncommon trap: reason=unstable_if action=reinterpret pc=0x000002702d65bb7c method=org.jetbrains.kotlin.codegen.optimization.common.FastMethodAnalyzer.mergeControlFlowEdge(ILorg/jetbrains/org/objectweb/asm/tree/analysis/Frame;Z)V @ 19 c2
Event: 1787.820 Thread 0x0000027043a79410 DEOPT PACKING pc=0x000002702d65bb7c sp=0x000000b49f1fbb00
Event: 1787.820 Thread 0x0000027043a79410 DEOPT UNPACKING pc=0x000002702d031202 sp=0x000000b49f1fba70 mode 2

Classes loaded (20 events):
Event: 1644.152 Loading class java/text/MessageFormat$FormatStyle
Event: 1644.153 Loading class java/text/MessageFormat$FormatStyle done
Event: 1644.198 Loading class java/text/ChoiceFormat
Event: 1644.247 Loading class java/text/ChoiceFormat done
Event: 1644.332 Loading class java/util/stream/ReferencePipeline$6
Event: 1644.334 Loading class java/util/stream/DoublePipeline$StatelessOp
Event: 1644.335 Loading class java/util/stream/DoublePipeline
Event: 1644.385 Loading class java/util/stream/DoublePipeline done
Event: 1644.386 Loading class java/util/stream/DoublePipeline$StatelessOp done
Event: 1644.386 Loading class java/util/stream/ReferencePipeline$6 done
Event: 1644.426 Loading class java/util/stream/Nodes$DoubleFixedNodeBuilder
Event: 1644.428 Loading class java/util/stream/Node$Builder$OfDouble
Event: 1644.428 Loading class java/util/stream/Sink$OfDouble
Event: 1644.432 Loading class java/util/stream/Sink$OfDouble done
Event: 1644.432 Loading class java/util/stream/Node$Builder$OfDouble done
Event: 1644.432 Loading class java/util/stream/Nodes$DoubleArrayNode
Event: 1644.470 Loading class java/util/stream/Nodes$DoubleArrayNode done
Event: 1644.470 Loading class java/util/stream/Nodes$DoubleFixedNodeBuilder done
Event: 1644.471 Loading class java/util/stream/ReferencePipeline$6$1
Event: 1644.471 Loading class java/util/stream/ReferencePipeline$6$1 done

Classes unloaded (1 events):
Event: 1326.356 Thread 0x000002703ad33910 Unloading class 0x00000000a0330000 'java/lang/invoke/LambdaForm$DMH+0x00000000a0330000'

Classes redefined (0 events):
No events

Internal exceptions (20 events):
Event: 1634.102 Thread 0x0000027043a79410 Implicit null exception at 0x000002702e315b34 to 0x000002702e315cbd
Event: 1643.681 Thread 0x0000027043a79410 Exception <a 'java/lang/NoSuchMethodError'{0x00000007fef68480}: 'java.lang.Object java.lang.invoke.DirectMethodHandle$Holder.invokeStaticInit(java.lang.Object, java.lang.Object, java.lang.Object, java.lang.Object)'> (0x00000007fef68480) 
thrown [s\src\hotspot\share\interpreter\linkResolver.cpp, line 804]
Event: 1644.251 Thread 0x0000027043a79410 Exception <a 'java/lang/NoSuchMethodError'{0x00000007feff5660}: 'double java.lang.invoke.DirectMethodHandle$Holder.invokeStatic(java.lang.Object, java.lang.Object)'> (0x00000007feff5660) 
thrown [s\src\hotspot\share\interpreter\linkResolver.cpp, line 804]
Event: 1647.298 Thread 0x0000027043a79410 Exception <a 'java/lang/NoSuchMethodError'{0x00000007fdf89518}: 'java.lang.Object java.lang.invoke.DirectMethodHandle$Holder.newInvokeSpecial(java.lang.Object, java.lang.Object, java.lang.Object, int, int)'> (0x00000007fdf89518) 
thrown [s\src\hotspot\share\interpreter\linkResolver.cpp, line 804]
Event: 1647.319 Thread 0x0000027043a79410 Exception <a 'java/lang/NoSuchMethodError'{0x00000007fdc0a9d0}: 'java.lang.Object java.lang.invoke.DirectMethodHandle$Holder.newInvokeSpecial(java.lang.Object, java.lang.Object, java.lang.Object, int, int, java.lang.Object, java.lang.Object)'> (0x00000007fdc0a9d0) 
thrown [s\src\hotspot\share\interpreter\linkResolver.cpp, line 804]
Event: 1647.553 Thread 0x0000027043a79410 Exception <a 'java/lang/NoSuchMethodError'{0x00000007fd5aa990}: 'java.lang.Object java.lang.invoke.Invokers$Holder.linkToTargetMethod(java.lang.Object, java.lang.Object, int, int, java.lang.Object, java.lang.Object, java.lang.Object, java.lang.Object, java.lang.Object)'> (0x00000007fd5aa990) 
thrown [s\src\hotspot\share\interpreter\linkResolver.cpp, line 804]
Event: 1647.676 Thread 0x0000027043a79410 Exception <a 'java/lang/NoSuchMethodError'{0x00000007fcf51798}: 'java.lang.Object java.lang.invoke.DirectMethodHandle$Holder.invokeStatic(java.lang.Object, java.lang.Object, java.lang.Object, int, int, java.lang.Object, java.lang.Object, java.lang.Object, java.lang.Object)'> (0x00000007fcf51798) 
thrown [s\src\hotspot\share\interpreter\linkResolver.cpp, line 804]
Event: 1647.692 Thread 0x0000027043a79410 Exception <a 'java/lang/NoSuchMethodError'{0x00000007fcf63570}: 'java.lang.Object java.lang.invoke.DirectMethodHandle$Holder.newInvokeSpecial(java.lang.Object, java.lang.Object, java.lang.Object, int, int, java.lang.Object)'> (0x00000007fcf63570) 
thrown [s\src\hotspot\share\interpreter\linkResolver.cpp, line 804]
Event: 1647.693 Thread 0x0000027043a79410 Exception <a 'java/lang/NoSuchMethodError'{0x00000007fcf73cf8}: 'java.lang.Object java.lang.invoke.Invokers$Holder.linkToTargetMethod(java.lang.Object, java.lang.Object, int, int, java.lang.Object, java.lang.Object)'> (0x00000007fcf73cf8) 
thrown [s\src\hotspot\share\interpreter\linkResolver.cpp, line 804]
Event: 1650.797 Thread 0x0000027043a79410 Exception <a 'java/lang/NoSuchMethodError'{0x00000007fc797aa0}: 'java.lang.Object java.lang.invoke.DirectMethodHandle$Holder.invokeSpecial(java.lang.Object, java.lang.Object, int, int, java.lang.Object, java.lang.Object, java.lang.Object, java.lang.Object)'> (0x00000007fc797aa0) 
thrown [s\src\hotspot\share\interpreter\linkResolver.cpp, line 804]
Event: 1650.808 Thread 0x0000027043a79410 Exception <a 'java/lang/NoSuchMethodError'{0x00000007fc7a0200}: 'java.lang.Object java.lang.invoke.Invokers$Holder.linkToTargetMethod(int, int, java.lang.Object, java.lang.Object, java.lang.Object, java.lang.Object, java.lang.Object)'> (0x00000007fc7a0200) 
thrown [s\src\hotspot\share\interpreter\linkResolver.cpp, line 804]
Event: 1653.071 Thread 0x0000027043a79410 Implicit null exception at 0x000002702ea23fae to 0x000002702ea2404c
Event: 1663.070 Thread 0x0000027043a79410 Exception <a 'java/lang/NoSuchMethodError'{0x00000007ff1aa860}: 'java.lang.Object java.lang.invoke.DirectMethodHandle$Holder.newInvokeSpecial(java.lang.Object, java.lang.Object, int, int, java.lang.Object, java.lang.Object, java.lang.Object)'> (0x00000007ff1aa860) 
thrown [s\src\hotspot\share\interpreter\linkResolver.cpp, line 804]
Event: 1663.120 Thread 0x0000027043a79410 Exception <a 'java/lang/NoSuchMethodError'{0x00000007ff1b3a80}: 'java.lang.Object java.lang.invoke.DirectMethodHandle$Holder.invokeSpecial(java.lang.Object, java.lang.Object, java.lang.Object, int, int, java.lang.Object, java.lang.Object, java.lang.Object)'> (0x00000007ff1b3a80) 
thrown [s\src\hotspot\share\interpreter\linkResolver.cpp, line 804]
Event: 1663.122 Thread 0x0000027043a79410 Exception <a 'java/lang/NoSuchMethodError'{0x00000007ff1bc490}: 'java.lang.Object java.lang.invoke.Invokers$Holder.linkToTargetMethod(java.lang.Object, int, int, java.lang.Object, java.lang.Object, java.lang.Object, java.lang.Object)'> (0x00000007ff1bc490) 
thrown [s\src\hotspot\share\interpreter\linkResolver.cpp, line 804]
Event: 1690.478 Thread 0x0000027043a79410 Implicit null exception at 0x000002702e26177c to 0x000002702e262628
Event: 1691.101 Thread 0x0000027043a79410 Implicit null exception at 0x000002702dced55c to 0x000002702dcef344
Event: 1712.222 Thread 0x0000027043a79410 Implicit null exception at 0x000002702ea33d48 to 0x000002702ea33e0c
Event: 1778.692 Thread 0x0000027043a79410 Implicit null exception at 0x000002702ec79e18 to 0x000002702ec7fd70
Event: 1783.353 Thread 0x0000027043a79410 Implicit null exception at 0x000002702ece8dae to 0x000002702ece9390

VM Operations (20 events):
Event: 1783.165 Executing safepoint VM operation: G1TryInitiateConcMark (CodeCache GC Threshold)
Event: 1783.221 Executing safepoint VM operation: G1TryInitiateConcMark (CodeCache GC Threshold) done
Event: 1783.267 Executing non-safepoint VM operation: HandshakeAllThreads (Deoptimize)
Event: 1783.268 Executing non-safepoint VM operation: HandshakeAllThreads (Deoptimize) done
Event: 1783.299 Executing non-safepoint VM operation: HandshakeAllThreads (Deoptimize)
Event: 1783.299 Executing non-safepoint VM operation: HandshakeAllThreads (Deoptimize) done
Event: 1783.351 Executing non-safepoint VM operation: HandshakeAllThreads (Deoptimize)
Event: 1783.351 Executing non-safepoint VM operation: HandshakeAllThreads (Deoptimize) done
Event: 1783.421 Executing safepoint VM operation: G1PauseRemark
Event: 1783.510 Executing safepoint VM operation: G1PauseRemark done
Event: 1783.584 Executing safepoint VM operation: G1PauseCleanup
Event: 1783.606 Executing safepoint VM operation: G1PauseCleanup done
Event: 1784.088 Executing non-safepoint VM operation: HandshakeAllThreads (Deoptimize)
Event: 1784.089 Executing non-safepoint VM operation: HandshakeAllThreads (Deoptimize) done
Event: 1785.631 Executing non-safepoint VM operation: HandshakeAllThreads (Deoptimize)
Event: 1785.632 Executing non-safepoint VM operation: HandshakeAllThreads (Deoptimize) done
Event: 1786.119 Executing non-safepoint VM operation: HandshakeAllThreads (Deoptimize)
Event: 1786.120 Executing non-safepoint VM operation: HandshakeAllThreads (Deoptimize) done
Event: 1787.724 Executing non-safepoint VM operation: HandshakeAllThreads (Deoptimize)
Event: 1787.725 Executing non-safepoint VM operation: HandshakeAllThreads (Deoptimize) done

Memory protections (0 events):
No events

Nmethod flushes (20 events):
Event: 1783.506 Thread 0x000002703ad33910 flushing  nmethod 0x00000270285f2b08
Event: 1783.506 Thread 0x000002703ad33910 flushing  nmethod 0x00000270287b3088
Event: 1783.506 Thread 0x000002703ad33910 flushing  nmethod 0x0000027028886f88
Event: 1783.506 Thread 0x000002703ad33910 flushing  nmethod 0x0000027028887708
Event: 1783.506 Thread 0x000002703ad33910 flushing  nmethod 0x0000027028888e88
Event: 1783.506 Thread 0x000002703ad33910 flushing  nmethod 0x0000027028889288
Event: 1783.506 Thread 0x000002703ad33910 flushing  nmethod 0x000002702888f408
Event: 1783.506 Thread 0x000002703ad33910 flushing  nmethod 0x0000027028890188
Event: 1783.506 Thread 0x000002703ad33910 flushing  nmethod 0x0000027028890908
Event: 1783.506 Thread 0x000002703ad33910 flushing  nmethod 0x0000027028890c88
Event: 1783.506 Thread 0x000002703ad33910 flushing  nmethod 0x000002702896dc88
Event: 1783.506 Thread 0x000002703ad33910 flushing  nmethod 0x000002702897e488
Event: 1783.506 Thread 0x000002703ad33910 flushing  nmethod 0x0000027028a3bc88
Event: 1783.506 Thread 0x000002703ad33910 flushing  nmethod 0x0000027028ba0688
Event: 1783.506 Thread 0x000002703ad33910 flushing  nmethod 0x0000027028ba4808
Event: 1783.506 Thread 0x000002703ad33910 flushing  nmethod 0x0000027028c9a588
Event: 1783.506 Thread 0x000002703ad33910 flushing  nmethod 0x0000027028c9b988
Event: 1783.506 Thread 0x000002703ad33910 flushing  nmethod 0x0000027028da0788
Event: 1783.506 Thread 0x000002703ad33910 flushing  nmethod 0x0000027028da4988
Event: 1783.506 Thread 0x000002703ad33910 flushing  nmethod 0x0000027028da9088

Events (20 events):
Event: 1622.539 Thread 0x000002703ad7deb0 Thread added: 0x000002704e078960
Event: 1623.558 Thread 0x000002704e078960 Thread exited: 0x000002704e078960
Event: 1628.523 Thread 0x000002703ad7deb0 Thread added: 0x000002704e07b1b0
Event: 1628.886 Thread 0x000002704e07b1b0 Thread exited: 0x000002704e07b1b0
Event: 1632.608 Thread 0x000002703ad4e160 Thread added: 0x000002704e078150
Event: 1632.763 Thread 0x000002704e078150 Thread exited: 0x000002704e078150
Event: 1632.766 Thread 0x000002703ad7deb0 Thread added: 0x00000270455b4340
Event: 1633.163 Thread 0x00000270455b4340 Thread exited: 0x00000270455b4340
Event: 1668.855 Thread 0x000002703ad7deb0 Thread added: 0x0000027044d0e520
Event: 1669.262 Thread 0x0000027044d0e520 Thread exited: 0x0000027044d0e520
Event: 1675.967 Thread 0x000002703ad7deb0 Thread added: 0x0000027044d0e520
Event: 1676.395 Thread 0x0000027044d0e520 Thread exited: 0x0000027044d0e520
Event: 1747.039 Thread 0x000002703ad7deb0 Thread added: 0x000002704dcf8790
Event: 1747.569 Thread 0x000002704dcf8790 Thread exited: 0x000002704dcf8790
Event: 1747.753 Thread 0x000002703ad7deb0 Thread added: 0x000002704dcf5730
Event: 1747.946 Thread 0x000002704dcf5730 Thread exited: 0x000002704dcf5730
Event: 1748.686 Thread 0x000002703ad7deb0 Thread added: 0x0000027047a8a160
Event: 1749.097 Thread 0x0000027047a8a160 Thread exited: 0x0000027047a8a160
Event: 1764.042 Thread 0x000002703ad7deb0 Thread added: 0x00000270484f9f60
Event: 1764.460 Thread 0x00000270484f9f60 Thread exited: 0x00000270484f9f60


Dynamic libraries:
0x00007ff62eed0000 - 0x00007ff62eede000 	C:\Users\ASUS\.gradle\jdks\eclipse_adoptium-25-amd64-windows.2\bin\java.exe
0x00007ffdf3b60000 - 0x00007ffdf3dc7000 	C:\WINDOWS\SYSTEM32\ntdll.dll
0x00007ffdf2b20000 - 0x00007ffdf2beb000 	C:\WINDOWS\System32\KERNEL32.DLL
0x00007ffdf0e20000 - 0x00007ffdf1222000 	C:\WINDOWS\System32\KERNELBASE.dll
0x00007ffdf1500000 - 0x00007ffdf164c000 	C:\WINDOWS\System32\ucrtbase.dll
0x00007ffde6320000 - 0x00007ffde6336000 	C:\Users\ASUS\.gradle\jdks\eclipse_adoptium-25-amd64-windows.2\bin\jli.dll
0x00007ffde62a0000 - 0x00007ffde62be000 	C:\Users\ASUS\.gradle\jdks\eclipse_adoptium-25-amd64-windows.2\bin\VCRUNTIME140.dll
0x00007ffdf31f0000 - 0x00007ffdf33bf000 	C:\WINDOWS\System32\USER32.dll
0x00007ffdf1720000 - 0x00007ffdf1747000 	C:\WINDOWS\System32\win32u.dll
0x00007ffdd1260000 - 0x00007ffdd14f0000 	C:\WINDOWS\WinSxS\amd64_microsoft.windows.common-controls_6595b64144ccf1df_6.0.26100.9278_none_3e0d1ba8e3303201\COMCTL32.dll
0x00007ffdf30b0000 - 0x00007ffdf30db000 	C:\WINDOWS\System32\GDI32.dll
0x00007ffdf2320000 - 0x00007ffdf23c9000 	C:\WINDOWS\System32\msvcrt.dll
0x00007ffdf1750000 - 0x00007ffdf1879000 	C:\WINDOWS\System32\gdi32full.dll
0x00007ffdf1450000 - 0x00007ffdf14f3000 	C:\WINDOWS\System32\msvcp_win.dll
0x00007ffdf3070000 - 0x00007ffdf30a1000 	C:\WINDOWS\System32\IMM32.DLL
0x00007ffded430000 - 0x00007ffded43c000 	C:\Users\ASUS\.gradle\jdks\eclipse_adoptium-25-amd64-windows.2\bin\vcruntime140_1.dll
0x00007ffd9d500000 - 0x00007ffd9d58d000 	C:\Users\ASUS\.gradle\jdks\eclipse_adoptium-25-amd64-windows.2\bin\msvcp140.dll
0x00007ffd045c0000 - 0x00007ffd054ea000 	C:\Users\ASUS\.gradle\jdks\eclipse_adoptium-25-amd64-windows.2\bin\server\jvm.dll
0x00007ffdf2a50000 - 0x00007ffdf2b0c000 	C:\WINDOWS\System32\ADVAPI32.dll
0x00007ffdf2260000 - 0x00007ffdf2309000 	C:\WINDOWS\System32\sechost.dll
0x00007ffdf2c10000 - 0x00007ffdf2d28000 	C:\WINDOWS\System32\RPCRT4.dll
0x00007ffdf30e0000 - 0x00007ffdf3160000 	C:\WINDOWS\System32\WS2_32.dll
0x00007ffdef850000 - 0x00007ffdef8ae000 	C:\WINDOWS\SYSTEM32\POWRPROF.dll
0x00007ffde2830000 - 0x00007ffde2866000 	C:\WINDOWS\SYSTEM32\WINMM.dll
0x00007ffde4ee0000 - 0x00007ffde4eeb000 	C:\WINDOWS\SYSTEM32\VERSION.dll
0x00007ffdef830000 - 0x00007ffdef845000 	C:\WINDOWS\SYSTEM32\UMPDC.dll
0x00007ffdefb10000 - 0x00007ffdefb2b000 	C:\WINDOWS\SYSTEM32\kernel.appcore.dll
0x00007ffde9d80000 - 0x00007ffde9d8a000 	C:\Users\ASUS\.gradle\jdks\eclipse_adoptium-25-amd64-windows.2\bin\jimage.dll
0x00007ffdee1f0000 - 0x00007ffdee43c000 	C:\WINDOWS\SYSTEM32\DBGHELP.DLL
0x00007ffdf26c0000 - 0x00007ffdf2a45000 	C:\WINDOWS\System32\combase.dll
0x00007ffdf18e0000 - 0x00007ffdf19b9000 	C:\WINDOWS\System32\OLEAUT32.dll
0x00007ffdc0750000 - 0x00007ffdc078b000 	C:\WINDOWS\SYSTEM32\dbgcore.DLL
0x00007ffdf0d60000 - 0x00007ffdf0e0c000 	C:\WINDOWS\System32\bcryptPrimitives.dll
0x00007ffde5b60000 - 0x00007ffde5b6f000 	C:\Users\ASUS\.gradle\jdks\eclipse_adoptium-25-amd64-windows.2\bin\instrument.dll
0x00007ffddc460000 - 0x00007ffddc47e000 	C:\Users\ASUS\.gradle\jdks\eclipse_adoptium-25-amd64-windows.2\bin\java.dll
0x00007ffdf3980000 - 0x00007ffdf3b1a000 	C:\WINDOWS\System32\ole32.dll
0x00007ffdf1a30000 - 0x00007ffdf21c8000 	C:\WINDOWS\System32\SHELL32.dll
0x00007ffdee7a0000 - 0x00007ffdef04e000 	C:\WINDOWS\SYSTEM32\windows.storage.dll
0x00007ffdf23e0000 - 0x00007ffdf24db000 	C:\WINDOWS\System32\SHCORE.dll
0x00007ffdf19c0000 - 0x00007ffdf1a26000 	C:\WINDOWS\System32\shlwapi.dll
0x00007ffdf0c80000 - 0x00007ffdf0ca9000 	C:\WINDOWS\SYSTEM32\profapi.dll
0x00007ffddc440000 - 0x00007ffddc456000 	C:\Users\ASUS\.gradle\jdks\eclipse_adoptium-25-amd64-windows.2\bin\zip.dll
0x00007ffdd7d90000 - 0x00007ffdd7da1000 	C:\Users\ASUS\.gradle\jdks\eclipse_adoptium-25-amd64-windows.2\bin\net.dll
0x00007ffdf00b0000 - 0x00007ffdf011c000 	C:\WINDOWS\system32\mswsock.dll
0x00007ffdd7d70000 - 0x00007ffdd7d86000 	C:\Users\ASUS\.gradle\jdks\eclipse_adoptium-25-amd64-windows.2\bin\nio.dll
0x00007ffde5b50000 - 0x00007ffde5b60000 	C:\Users\ASUS\.gradle\jdks\eclipse_adoptium-25-amd64-windows.2\bin\verify.dll
0x00007ffdd47f0000 - 0x00007ffdd4817000 	C:\Users\ASUS\.gradle\native\660c5614fbf4a5f2a75b1949f50a0caf5cd603558e7d8a26e50b933a0cfb79d1\windows-amd64\native-platform.dll
0x00007ffd98780000 - 0x00007ffd987f7000 	C:\Users\ASUS\.gradle\native\0.2.8\x86_64-windows-gnu\gradle-fileevents.dll
0x00007ffddc160000 - 0x00007ffddc16a000 	C:\Users\ASUS\.gradle\jdks\eclipse_adoptium-25-amd64-windows.2\bin\management.dll
0x00007ffdd2b80000 - 0x00007ffdd2b8c000 	C:\Users\ASUS\.gradle\jdks\eclipse_adoptium-25-amd64-windows.2\bin\management_ext.dll
0x00007ffdf1880000 - 0x00007ffdf1888000 	C:\WINDOWS\System32\PSAPI.DLL
0x00007ffdef430000 - 0x00007ffdef463000 	C:\WINDOWS\SYSTEM32\IPHLPAPI.DLL
0x00007ffdf23d0000 - 0x00007ffdf23da000 	C:\WINDOWS\System32\NSI.dll
0x00007ffdd2b70000 - 0x00007ffdd2b79000 	C:\Users\ASUS\.gradle\jdks\eclipse_adoptium-25-amd64-windows.2\bin\extnet.dll
0x00007ffdf04d0000 - 0x00007ffdf04eb000 	C:\WINDOWS\SYSTEM32\CRYPTSP.dll
0x00007ffdefa70000 - 0x00007ffdefaa9000 	C:\WINDOWS\system32\rsaenh.dll
0x00007ffdf0160000 - 0x00007ffdf0194000 	C:\WINDOWS\SYSTEM32\USERENV.dll
0x00007ffdf0c50000 - 0x00007ffdf0c7a000 	C:\WINDOWS\SYSTEM32\bcrypt.dll
0x00007ffdf0310000 - 0x00007ffdf031c000 	C:\WINDOWS\SYSTEM32\CRYPTBASE.dll
0x00007ffdd47e0000 - 0x00007ffdd47ee000 	C:\Users\ASUS\.gradle\jdks\eclipse_adoptium-25-amd64-windows.2\bin\sunmscapi.dll
0x00007ffdf12c0000 - 0x00007ffdf143e000 	C:\WINDOWS\System32\CRYPT32.dll
0x00007ffdf0640000 - 0x00007ffdf0670000 	C:\WINDOWS\SYSTEM32\ncrypt.dll
0x00007ffdf05f0000 - 0x00007ffdf062f000 	C:\WINDOWS\SYSTEM32\NTASN1.dll
0x00007ffddd2e0000 - 0x00007ffddd2e8000 	C:\WINDOWS\system32\wshunix.dll
0x00007ffd874a0000 - 0x00007ffd874b8000 	C:\WINDOWS\system32\napinsp.dll
0x00007ffdef470000 - 0x00007ffdef5c8000 	C:\WINDOWS\SYSTEM32\DNSAPI.dll
0x00007ffdefeb0000 - 0x00007ffdefebd000 	C:\WINDOWS\SYSTEM32\DSPARSE.dll
0x00007ffd843a0000 - 0x00007ffd843b3000 	C:\WINDOWS\System32\winrnr.dll
0x00007ffd84370000 - 0x00007ffd84397000 	C:\WINDOWS\system32\nlansp_c.dll
0x00007ffde6190000 - 0x00007ffde61a6000 	C:\WINDOWS\system32\wshbth.dll
0x00007ffde5dd0000 - 0x00007ffde5ddb000 	C:\Windows\System32\rasadhlp.dll
0x00007ffde9c90000 - 0x00007ffde9d16000 	C:\WINDOWS\System32\fwpuclnt.dll
0x00007ffdefc40000 - 0x00007ffdefc76000 	C:\WINDOWS\SYSTEM32\ntmarta.dll

JVMTI agents:
C:\Users\ASUS\.gradle\wrapper\dists\gradle-9.6.0-bin\42k10rwplmzkhuboz9kdazi7s\gradle-9.6.0\lib\agents\gradle-instrumentation-agent-9.6.0.jar path:C:\Users\ASUS\.gradle\jdks\eclipse_adoptium-25-amd64-windows.2\bin\instrument.dll, loaded, initialized, instrumentlib options:none

dbghelp: loaded successfully - version: 4.0.5 - missing functions: none
symbol engine: initialized successfully - sym options: 0x614 - pdb path: .;C:\Users\ASUS\.gradle\jdks\eclipse_adoptium-25-amd64-windows.2\bin;C:\WINDOWS\SYSTEM32;C:\WINDOWS\WinSxS\amd64_microsoft.windows.common-controls_6595b64144ccf1df_6.0.26100.9278_none_3e0d1ba8e3303201;C:\Users\ASUS\.gradle\jdks\eclipse_adoptium-25-amd64-windows.2\bin\server;C:\Users\ASUS\.gradle\native\660c5614fbf4a5f2a75b1949f50a0caf5cd603558e7d8a26e50b933a0cfb79d1\windows-amd64;C:\Users\ASUS\.gradle\native\0.2.8\x86_64-windows-gnu

VM Arguments:
jvm_args: --add-opens=java.base/java.lang=ALL-UNNAMED --add-opens=java.base/java.lang.invoke=ALL-UNNAMED --add-opens=java.base/java.util=ALL-UNNAMED --add-opens=java.prefs/java.util.prefs=ALL-UNNAMED --add-exports=jdk.compiler/com.sun.tools.javac.api=ALL-UNNAMED --add-exports=jdk.compiler/com.sun.tools.javac.util=ALL-UNNAMED --add-opens=java.base/java.nio.charset=ALL-UNNAMED --add-opens=java.base/java.net=ALL-UNNAMED --add-opens=java.base/java.util.concurrent=ALL-UNNAMED --add-opens=java.base/java.util.concurrent.atomic=ALL-UNNAMED --add-opens=java.xml/javax.xml.namespace=ALL-UNNAMED --add-opens=java.base/java.time=ALL-UNNAMED --enable-native-access=ALL-UNNAMED --add-opens=java.base/java.io=ALL-UNNAMED --add-opens=java.base/java.lang=ALL-UNNAMED --add-opens=java.base/java.lang.reflect=ALL-UNNAMED --add-opens=java.base/java.net=ALL-UNNAMED --add-opens=java.base/java.nio=ALL-UNNAMED --add-opens=java.base/java.util=ALL-UNNAMED --add-opens=java.base/java.util.concurrent=ALL-UNNAMED --add-opens=java.base/sun.nio.ch=ALL-UNNAMED -Xmx2500m -Dfile.encoding=UTF-8 -Duser.country=US -Duser.language=en -Duser.variant -javaagent:C:\Users\ASUS\.gradle\wrapper\dists\gradle-9.6.0-bin\42k10rwplmzkhuboz9kdazi7s\gradle-9.6.0\lib\agents\gradle-instrumentation-agent-9.6.0.jar 
java_command: org.gradle.launcher.daemon.bootstrap.GradleDaemon 9.6.0
java_class_path (initial): C:\Users\ASUS\.gradle\wrapper\dists\gradle-9.6.0-bin\42k10rwplmzkhuboz9kdazi7s\gradle-9.6.0\lib\gradle-daemon-main-9.6.0.jar
Launcher Type: SUN_STANDARD

[Global flags]
     intx CICompilerCount                          = 4                                         {product} {ergonomic}
     uint ConcGCThreads                            = 3                                         {product} {ergonomic}
     uint G1ConcRefinementThreads                  = 10                                        {product} {ergonomic}
   size_t G1HeapRegionSize                         = 2097152                                   {product} {ergonomic}
   size_t InitialHeapSize                          = 264241152                                 {product} {ergonomic}
   size_t MarkStackSize                            = 4194304                                   {product} {ergonomic}
   size_t MarkStackSizeMax                         = 536870912                                 {product} {ergonomic}
   size_t MaxHeapSize                              = 2621440000                                {product} {command line}
   size_t MaxNewSize                               = 1572864000                                {product} {ergonomic}
   size_t MinHeapDeltaBytes                        = 2097152                                   {product} {ergonomic}
   size_t MinHeapSize                              = 8388608                                   {product} {ergonomic}
    uintx NonNMethodCodeHeapSize                   = 5898240                                {pd product} {ergonomic}
    uintx NonProfiledCodeHeapSize                  = 122945536                              {pd product} {ergonomic}
    uintx ProfiledCodeHeapSize                     = 122945536                              {pd product} {ergonomic}
    uintx ReservedCodeCacheSize                    = 251789312                              {pd product} {ergonomic}
     bool SegmentedCodeCache                       = true                                      {product} {ergonomic}
   size_t SoftMaxHeapSize                          = 2621440000                             {manageable} {ergonomic}
     bool UseCompressedOops                        = true                           {product lp64_product} {ergonomic}
     bool UseG1GC                                  = true                                      {product} {ergonomic}
     bool UseLargePagesIndividualAllocation        = false                                  {pd product} {ergonomic}

Logging:
Log output configuration:
 #0: stdout all=warning uptime,level,tags foldmultilines=false
 #1: stderr all=off uptime,level,tags foldmultilines=false

Release file:
IMPLEMENTOR="Eclipse Adoptium" 
IMPLEMENTOR_VERSION="Temurin-25.0.3+9" 
JAVA_RUNTIME_VERSION="25.0.3+9-LTS" 
JAVA_VERSION="25.0.3" 
JAVA_VERSION_DATE="2026-04-21" 
LIBC="default" 
MODULES="java.base java.compiler java.datatransfer java.xml java.prefs java.desktop java.instrument java.logging java.management java.security.sasl java.naming java.rmi java.management.rmi java.net.http java.scripting java.security.jgss java.transaction.xa java.sql java.sql.rowset java.xml.crypto java.se java.smartcardio jdk.accessibility jdk.internal.jvmstat jdk.attach jdk.charsets jdk.internal.opt jdk.zipfs jdk.compiler jdk.crypto.cryptoki jdk.crypto.ec jdk.crypto.mscapi jdk.dynalink jdk.internal.ed jdk.editpad jdk.internal.vm.ci jdk.graal.compiler jdk.graal.compiler.management jdk.hotspot.agent jdk.httpserver jdk.incubator.vector jdk.internal.le jdk.internal.md jdk.jartool jdk.javadoc jdk.jcmd jdk.management jdk.management.agent jdk.jconsole jdk.jdeps jdk.jdwp.agent jdk.jdi jdk.jfr jdk.jlink jdk.jpackage jdk.jshell jdk.jsobject jdk.jstatd jdk.localedata jdk.management.jfr jdk.naming.dns jdk.naming.rmi jdk.net jdk.nio.mapmode jdk.sctp jdk.security.auth jdk.security.jgss jdk.unsupported jdk.unsupported.desktop jdk.xml.dom" 
OS_ARCH="x86_64" 
OS_NAME="Windows" 
SOURCE=".:git:cda0a1776184" 
BUILD_SOURCE="git:a612825ee82a20ac872d60958c349854c1f29a8e"
BUILD_SOURCE_REPO="https://github.com/adoptium/temurin-build.git"
SOURCE_REPO="https://github.com/adoptium/jdk25u.git"
FULL_VERSION="25.0.3+9-LTS"
SEMANTIC_VERSION="25.0.3+9"
BUILD_INFO="OS: Windows Server 2022 Version: 10.0"
JVM_VARIANT="Hotspot"
JVM_VERSION="25.0.3+9-LTS"
IMAGE_TYPE="JDK"

Environment Variables:
PATH=C:\Program Files\WindowsApps\Microsoft.PowerShell_7.6.6.0_x64__8wekyb3d8bbwe;C:\Users\ASUS\.codex\tmp\arg0\codex-arg0o7lw07;C:\ffmpeg\bin;C:\Program Files\Common Files\Oracle\Java\javapath;C:\Program Files\Python312\Scripts\;C:\Program Files\Python312\;C:\WINDOWS\system32;C:\WINDOWS;C:\WINDOWS\System32\Wbem;C:\WINDOWS\System32\WindowsPowerShell\v1.0\;C:\WINDOWS\System32\OpenSSH\;C:\Program Files (x86)\poppler\Library\bin;C:\Program Files\Microsoft SQL Server\150\Tools\Binn\;C:\Program Files (x86)\NVIDIA Corporation\PhysX\Common;C:\Program Files\Microsoft SQL Server\Client SDK\ODBC\170\Tools\Binn\;C:\Program Files (x86)\Microsoft SQL Server\150\Tools\Binn\;C:\Program Files\Microsoft SQL Server\150\DTS\Binn\;C:\Program Files (x86)\Microsoft SQL Server\160\DTS\Binn\;C:\Program Files\Git\cmd;C:\Program Files\MySQL\MySQL Shell 8.0\bin\;C:\Users\ASUS\AppData\Local\Micr;C:\Program Files\dotnet\;C:\Program Files\NVIDIA Corporation\NVIDIA App\NvDLISR;C:\Program Files\Microsoft SQL Server\170\DTS\Binn\;C:\Program Files (x86)\Microsoft SQL Server\170\Tools\Binn\;C:\Program Files\Microsoft SQL Server\170\Tools\Binn\;C:\Program Files\Microsoft SQL Server\Client SDK\ODBC\180\Tools\Binn\;C:\Program Files (x86)\Microsoft SQL Server\170\DTS\Binn\;C:\Program Files\nodejs\;C:\Program Files\Microsoft SQL Server\130\DTS\Binn\;C:\Program Files\Microsoft SQL Server\140\DTS\Binn\;C:\Program Files\Microsoft SQL Server\160\DTS\Binn\;C:\Program Files (x86)\Microsoft SQL Server\160\Tools\Binn\;C:\Program Files\Microsoft SQL Server\160\Tools\Binn\;C:\WINDOWS\system32;C:\WINDOWS;C:\WINDOWS\System32\Wbem;C:\WINDOWS\System32\WindowsPowerShell\v1.0\;C:\WINDOWS\System32\OpenSSH\;C:\Program Files (x86)\Microsoft SQL Server\150\DTS\Binn\;C:\Users\ASUS\AppData\Roaming\npm;C:\Users\ASUS\AppData\Local\Programs\Antigravity\bin;C:\Users\ASUS\AppData\Local\Programs\Microsoft VS Code\bin;C:\Users\ASUS\AppData\Local\GitHubDesktop\bin;C:\Users\ASUS\AppData\Local\Microsoft\WindowsApps;C:\Users\ASUS\.dotnet\tools;C:\Users\ASUS\AppData\Local\Microsoft\WinGet\Packages\Task.Task_Microsoft.Winget.Source_8wekyb3d8bbwe;C:\Users\ASUS\flutter\bin;c:\Users\ASUS\.vscode\extensions\openai.chatgpt-26.51002.51308-win32-x64\bin\windows-x86_64
USERNAME=ASUS
LANG=C.UTF-8
LC_ALL=C.UTF-8
LC_CTYPE=C.UTF-8
TERM=dumb
OS=Windows_NT
PROCESSOR_IDENTIFIER=Intel64 Family 6 Model 141 Stepping 1, GenuineIntel
TMP=C:\Users\ASUS\AppData\Local\Temp
TEMP=C:\Users\ASUS\AppData\Local\Temp




Compilation memory statistics disabled.

Periodic native trim disabled

---------------  S Y S T E M  ---------------

OS:
 Windows 11 , 64 bit Build 26100 (10.0.26100.9444)
OS uptime: 0 days 3:44 hours
Hyper-V role detected

CPU: total 12 (initial active 12) (6 cores per cpu, 2 threads per core) family 6 model 141 stepping 1 microcode 0x50, cx8, cmov, fxsr, ht, mmx, 3dnowpref, sse, sse2, sse3, ssse3, sse4.1, sse4.2, popcnt, lzcnt, tsc, tscinvbit, avx, avx2, aes, erms, clmul, bmi1, bmi2, adx, avx512f, avx512dq, avx512cd, avx512bw, avx512vl, sha, fma, vzeroupper, avx512_vpopcntdq, avx512_vpclmulqdq, avx512_vaes, avx512_vnni, clflush, clflushopt, clwb, avx512_vbmi2, avx512_vbmi, hv, rdtscp, rdpid, fsrm, gfni, avx512_bitalg, f16c, cet_ibt, cet_ss, avx512_ifma
Processor Information for the first 12 processors :
  Max Mhz: 2688, Current Mhz: 2688, Mhz Limit: 2688

Memory: 4k page, system-wide physical 16106M (61M free)
TotalPageFile size 39938M (AvailPageFile size 0M)
current process WorkingSet (physical memory assigned to process): 909M, peak: 1490M
current process commit charge ("private bytes"): 1968M, peak: 2003M

vm_info: OpenJDK 64-Bit Server VM (25.0.3+9-LTS) for windows-amd64 JRE (25.0.3+9-LTS), built on 2026-04-21T00:00:00Z with MS VC++ 17.12 (VS2022)

END.
